as_reg_date	n_creations
2009-01-02	1277
2009-01-03	1498
2009-01-04	1274
2009-01-05	1572
2009-01-06	1982
2009-01-07	2365
2009-01-08	2313
2009-01-09	1872
2009-01-10	1687
2009-01-11	1392
2009-01-12	1272
2009-01-14	1260
2009-01-15	1172
2009-01-16	1543
2009-01-17	1377
2009-01-18	1631
2009-01-19	2325
2009-01-23	1222
2009-01-24	1368
2009-01-26	2280
2009-01-28	1363
2009-01-30	1335
2009-01-31	1486
2009-02-01	1292
2009-02-02	1744
2009-02-03	1241
2009-02-04	1314
2009-02-05	1571
2009-02-06	1155
2009-02-07	1469
2009-02-08	1533
2009-02-09	2004
2009-02-13	2302
2009-02-14	1345
2009-02-15	1315
2009-02-16	2042
2009-02-17	2063
2009-02-19	1454
2009-02-21	1500
2009-02-22	1329
2009-02-23	4011
2009-02-24	1272
2009-02-25	1256
2009-02-26	1156
2009-02-27	2583
2009-02-28	1503
2009-03-01	1308
2009-03-02	1342
2009-03-03	1205
2009-03-04	2360
2009-03-05	4375
2009-03-06	2932
2009-03-07	1510
2009-03-09	2737
2009-03-10	1413
2009-03-12	1857
2009-03-13	1293
2009-03-14	1314
2009-03-15	1393
2009-03-16	2532
2009-03-17	1670
2009-03-21	1258
2009-03-22	1454
2009-03-23	1495
2009-03-24	1654
2009-03-26	2560
2009-03-27	1267
2009-03-28	2712
2009-03-29	3461
2009-03-30	2380
2009-03-31	2575
2009-04-01	3361
2009-04-02	4662
2009-04-03	1034
2009-04-04	1051
2009-04-05	1553
2009-04-06	3418
2009-04-07	1343
2009-04-08	1328
2009-04-09	1539
2009-04-10	1321
2009-04-11	1111
2009-04-12	1451
2009-04-15	1767
2009-04-16	6631
2009-04-17	1762
2009-04-18	1288
2009-04-19	1650
2009-04-20	3149
2009-04-22	1632
2009-04-24	1513
2009-04-25	1138
2009-04-26	2251
2009-04-27	2142
2009-04-28	1202
2009-04-29	1225
2009-04-30	1425
2009-05-01	1582
2009-05-02	1153
2009-05-04	1280
2009-05-05	1234
2009-05-07	1666
2009-05-08	1551
2009-05-09	1132
2009-05-11	1227
2009-05-12	1313
2009-05-15	1204
2009-05-16	1301
2009-05-17	1825
2009-05-18	1168
2009-05-19	1288
2009-05-21	1228
2009-05-25	1235
2009-05-26	1262
2009-05-27	1207
2009-05-28	1329
2009-05-29	1173
2009-05-30	1112
2009-05-31	1273
2009-06-01	1181
2009-06-02	1107
2009-06-06	1122
2009-06-07	1207
2009-06-09	1235
2009-06-10	1445
2009-06-11	1230
2009-06-12	1315
2009-06-13	1725
2009-06-14	1350
2009-06-15	1258
2009-06-18	1233
2009-06-19	1287
2009-06-20	1445
2009-06-22	1206
2009-06-23	1254
2009-06-24	1363
2009-06-25	1371
2009-06-27	1040
2009-06-28	1245
2009-06-29	1483
2009-06-30	1258
2009-07-01	1585
2009-07-04	1139
2009-07-07	2211
2009-07-08	1865
2009-07-09	2312
2009-07-11	1453
2009-07-12	2791
2009-07-13	1524
2009-07-15	1550
2009-07-16	2642
2009-07-17	1397
2009-07-18	2035
2009-07-19	2449
2009-07-21	1893
2009-07-22	1278
2009-07-23	1257
2009-07-24	1111
2009-07-25	1114
2009-07-26	1061
2009-07-28	1185
2009-07-29	1145
2009-07-30	1426
2009-07-31	1204
2009-08-01	1134
2009-08-03	1335
2009-08-04	1311
2009-08-06	1466
2009-08-07	1216
2009-08-08	1058
2009-08-09	1089
2009-08-10	2196
2009-08-11	1476
2009-08-13	1717
2009-08-14	2003
2009-08-16	2326
2009-08-17	2011
2009-08-18	1518
2009-08-19	1396
2009-08-20	1562
2009-08-21	1096
2009-08-22	1646
2009-08-23	1278
2009-08-24	1164
2009-08-25	1199
2009-08-26	1696
2009-08-28	1551
2009-08-30	1388
2009-08-31	1259
2009-09-01	1168
2009-09-02	1076
2009-09-03	1172
2009-09-04	1154
2009-09-06	1091
2009-09-07	1206
2009-09-08	1034
2009-09-09	957
2009-09-10	978
2009-09-13	1147
2009-09-14	1175
2009-09-15	1141
2009-09-17	1104
2009-09-18	1171
2009-09-20	1231
2009-09-22	1107
2009-09-23	1154
2009-09-24	1083
2009-09-25	1069
2009-09-26	1113
2009-09-27	1268
2009-09-29	1288
2009-09-30	1309
2009-10-01	1086
2009-10-03	1014
2009-10-05	1116
2009-10-07	1292
2009-10-10	1015
2009-10-11	1032
2009-10-12	1380
2009-10-14	1248
2009-10-15	1377
2009-10-18	1098
2009-10-19	1318
2009-10-20	1054
2009-10-21	1047
2009-10-22	1148
2009-10-24	1105
2009-10-27	1353
2009-10-28	1272
2009-10-29	1221
2009-10-31	1098
2009-11-02	1259
2009-11-03	1209
2009-11-04	1056
2009-11-05	1097
2009-11-09	1133
2009-11-10	1059
2009-11-12	1026
2009-11-15	895
2009-11-17	1183
2009-11-18	1089
2009-11-19	1194
2009-11-23	1233
2009-11-24	1104
2009-11-25	1279
2009-11-29	1104
2009-11-30	1214
2009-12-01	1134
2009-12-02	1104
2009-12-03	1089
2009-12-04	1105
2009-12-05	1156
2009-12-07	1017
2009-12-08	1103
2009-12-09	1077
2009-12-12	1144
2009-12-13	1041
2009-12-14	1151
2009-12-16	1610
2009-12-17	1645
2009-12-20	1764
2009-12-21	1687
2009-12-22	1043
2009-12-23	1167
2009-12-24	1134
2009-12-28	967
2009-12-30	1115
2010-01-01	919
2010-01-03	1223
2010-01-05	1213
2010-01-07	1371
2010-01-09	1111
2010-01-10	1405
2010-01-14	1476
2010-01-15	1131
2010-01-18	1267
2010-01-19	1604
2010-01-20	1466
2010-01-21	1968
2010-01-23	1208
2010-01-24	1162
2010-01-25	1287
2010-01-27	1175
2010-01-28	1021
2010-01-29	1304
2010-01-31	980
2010-02-01	1150
2010-02-02	1129
2010-02-03	1376
2010-02-04	1862
2010-02-06	1082
2010-02-09	1151
2010-02-11	1177
2010-02-13	1156
2010-02-14	1054
2010-02-16	1226
2010-02-17	969
2010-02-18	1095
2010-02-20	1021
2010-02-23	1060
2010-02-24	1134
2010-02-27	1013
2010-02-28	1084
2010-03-05	991
2010-03-06	960
2010-03-08	1162
2010-03-10	963
2010-03-11	1070
2010-03-12	1115
2010-03-13	1066
2010-03-14	1052
2010-03-16	1178
2010-03-17	1007
2010-03-18	1035
2010-03-19	1022
2010-03-20	1007
2010-03-23	1051
2010-03-25	962
2010-03-26	1020
2010-03-27	1671
2010-03-30	1716
2010-03-31	1249
2010-04-01	1098
2010-04-02	1307
2010-04-03	1093
2010-04-05	2278
2010-04-06	1687
2010-04-07	1378
2010-04-08	1274
2010-04-09	1131
2010-04-11	1088
2010-04-12	1129
2010-04-13	949
2010-04-15	909
2010-04-16	954
2010-04-18	1988
2010-04-04	952
2010-04-20	1603
2010-04-24	2153
2010-04-25	2909
2010-04-26	1448
2010-04-29	1361
2010-04-30	1136
2010-05-01	1062
2010-05-02	1502
2010-05-03	1458
2010-05-04	1126
2010-05-05	2027
2010-05-06	998
2010-05-08	1211
2010-05-09	1018
2010-05-10	1136
2010-05-11	1265
2010-05-12	943
2010-05-13	992
2010-05-14	1038
2010-05-16	954
2010-05-17	1213
2010-05-18	1538
2010-05-20	930
2010-05-24	1426
2010-05-27	1034
2010-05-30	1080
2010-06-01	1352
2010-06-02	1588
2010-06-04	927
2010-06-05	1206
2010-06-06	1343
2010-06-07	1127
2010-06-08	1020
2010-06-09	1028
2010-06-11	888
2010-06-13	940
2010-04-22	1001
2010-06-15	882
2010-06-16	1333
2010-06-19	936
2010-06-24	1308
2010-06-25	1295
2010-06-26	813
2010-06-27	1040
2010-06-29	996
2010-07-01	932
2010-07-04	1028
2010-07-09	1106
2010-07-12	988
2010-07-13	1323
2010-07-17	1009
2010-07-18	1032
2010-07-19	1217
2010-07-20	1160
2010-07-26	1046
2010-07-27	1179
2010-07-28	1153
2010-07-29	1181
2010-07-30	1667
2010-08-02	1243
2010-08-05	1015
2010-08-07	1046
2010-08-08	911
2010-08-11	1068
2010-08-12	1065
2010-08-13	1058
2010-08-16	4077
2010-08-18	1387
2010-08-19	1014
2010-08-20	1394
2010-08-21	1705
2010-08-23	1569
2010-08-25	1074
2010-08-28	905
2010-08-30	1413
2010-09-02	908
2010-09-04	1056
2010-09-05	1224
2010-09-08	1009
2010-09-09	1235
2010-09-13	1603
2010-09-14	1121
2010-09-16	1346
2010-09-17	2148
2010-09-19	895
2010-09-21	1454
2010-09-22	1538
2010-09-24	1097
2010-09-26	1042
2010-09-28	1234
2010-09-29	798
2010-09-30	1025
2010-10-02	845
2010-10-03	1006
2010-10-08	893
2010-10-10	807
2010-10-11	949
2010-10-12	961
2010-10-13	960
2010-10-14	907
2010-10-15	863
2010-10-17	1054
2010-10-18	882
2010-10-20	1056
2010-10-21	1037
2010-10-24	1512
2010-10-25	1063
2010-10-27	1156
2010-10-28	996
2010-10-29	1653
2010-10-30	1196
2010-10-31	1344
2010-11-02	1123
2010-11-03	930
2010-11-04	1008
2010-11-06	1050
2010-11-07	1572
2010-11-09	1104
2010-11-10	2309
2010-11-11	1426
2010-11-12	1279
2010-11-13	1402
2010-11-14	1046
2010-11-16	1316
2010-11-17	1013
2010-11-18	1013
2010-11-20	851
2010-11-21	1117
2010-11-24	1219
2010-11-25	845
2010-11-29	861
2010-11-30	932
2010-12-01	1052
2010-12-02	1066
2010-12-03	1063
2010-12-05	850
2010-12-06	845
2010-12-07	918
2010-12-08	1049
2010-12-12	1699
2010-12-16	989
2010-12-17	1386
2010-12-18	885
2010-12-19	1137
2010-12-21	1097
2010-12-23	1114
2010-12-24	1015
2010-12-26	746
2010-12-28	1089
2010-12-29	1174
2011-01-01	854
2011-01-03	986
2011-01-04	973
2011-01-05	1122
2011-01-06	1038
2011-01-07	785
2011-01-08	981
2011-01-13	862
2011-01-15	1047
2011-01-16	1204
2011-01-17	1590
2011-01-18	2234
2011-01-21	1114
2011-01-22	1126
2011-01-23	978
2011-01-25	924
2011-01-26	955
2011-01-28	951
2011-01-29	959
2011-01-30	1050
2011-01-31	1085
2011-02-03	974
2011-02-06	1074
2011-02-07	998
2011-02-08	1013
2011-02-09	1089
2011-02-10	1010
2011-02-12	975
2011-02-13	974
2011-02-14	978
2011-02-16	896
2011-02-19	950
2011-02-20	957
2011-02-21	930
2011-02-23	961
2011-02-24	1034
2011-02-25	997
2011-02-26	1073
2011-02-28	922
2011-03-02	1212
2011-03-04	1483
2011-03-06	854
2011-03-07	865
2011-03-09	852
2011-03-10	1036
2011-03-11	1456
2011-03-16	915
2011-03-17	803
2011-03-22	904
2011-03-23	929
2011-03-24	1022
2011-03-28	1114
2011-03-29	902
2011-04-04	938
2011-04-06	976
2011-04-07	1034
2011-04-12	939
2011-04-13	1151
2011-04-14	985
2011-04-21	895
2011-04-22	908
2011-04-26	1017
2011-04-28	1331
2011-04-29	1000
2011-05-01	980
2011-05-04	942
2011-05-06	959
2011-05-07	936
2011-05-11	992
2011-05-12	1056
2011-05-13	1079
2011-05-14	889
2011-05-16	888
2011-05-17	1005
2011-05-19	767
2011-05-20	842
2011-05-21	798
2011-05-23	736
2011-05-25	831
2011-05-27	873
2011-05-29	751
2011-05-30	830
2011-05-31	858
2011-06-02	856
2011-06-04	815
2011-06-05	869
2011-06-06	801
2011-06-07	838
2011-06-09	1086
2011-06-10	979
2011-06-11	877
2011-06-13	1044
2011-06-14	1058
2011-06-15	1116
2011-06-17	874
2011-06-18	790
2011-06-19	849
2011-06-21	937
2011-06-22	1017
2011-06-23	969
2011-06-24	824
2011-06-27	918
2011-06-29	927
2011-06-30	844
2011-07-02	755
2011-07-03	818
2011-07-05	958
2011-07-06	1012
2011-07-08	1002
2011-07-12	917
2011-07-13	840
2011-07-15	1227
2011-07-16	1500
2011-07-17	887
2011-07-18	1082
2011-07-19	1192
2011-07-21	933
2011-07-24	863
2011-07-26	848
2011-07-29	795
2011-07-30	900
2011-08-01	1007
2011-08-04	931
2011-08-06	2012
2011-08-07	850
2011-08-08	880
2011-08-11	969
2011-08-12	1031
2011-08-15	1009
2011-08-16	970
2011-08-17	1061
2011-08-18	1141
2011-08-19	849
2011-08-22	1085
2011-08-23	1211
2011-08-25	1047
2011-08-26	1034
2011-08-27	1039
2011-08-28	1173
2011-08-29	1032
2011-08-30	1261
2011-08-31	930
2011-09-01	1041
2011-09-03	1094
2011-09-04	1149
2011-09-06	1185
2011-09-07	1248
2011-09-08	939
2011-09-10	1227
2011-09-13	1483
2011-09-14	1037
2011-09-15	899
2011-09-16	874
2011-09-18	771
2011-09-19	2188
2011-09-20	1170
2011-09-21	910
2011-09-23	1150
2011-09-24	1336
2011-09-25	1041
2011-09-26	1320
2011-09-27	1038
2011-09-28	1013
2011-09-29	1016
2011-09-30	1338
2011-10-01	924
2011-10-02	922
2011-10-03	1006
2011-10-04	993
2011-10-05	833
2011-10-06	1188
2011-10-07	813
2011-10-08	902
2011-10-12	843
2011-10-13	825
2011-10-14	887
2011-10-15	1036
2011-10-16	952
2011-10-17	969
2011-10-18	1239
2011-10-19	1360
2011-10-20	1314
2011-10-21	892
2011-10-22	946
2011-10-23	1070
2011-10-25	1069
2011-10-26	1119
2011-10-27	1091
2011-10-28	1828
2011-10-29	1450
2011-10-30	944
2011-10-31	1204
2011-11-01	890
2011-11-02	1024
2011-11-04	818
2011-11-06	909
2011-11-07	941
2011-11-08	827
2011-11-09	1018
2011-11-15	945
2011-11-16	857
2011-11-17	1048
2011-11-18	1164
2011-11-19	1012
2011-11-20	1449
2011-11-21	958
2011-11-22	931
2011-11-24	779
2011-11-25	949
2011-11-27	834
2011-11-28	1075
2011-12-02	882
2011-12-04	967
2011-12-05	909
2011-12-06	801
2011-12-10	890
2011-12-13	837
2011-12-15	907
2011-12-17	955
2011-12-19	932
2011-12-20	1077
2011-12-21	826
2011-12-22	861
2011-12-23	1065
2011-12-25	539
2011-12-28	924
2011-12-29	1030
2011-12-31	1005
2012-01-01	993
2012-01-02	1070
2012-01-03	1136
2012-01-04	1052
2012-01-05	914
2012-01-06	768
2012-01-08	960
2012-01-09	851
2012-01-11	872
2012-01-13	998
2012-01-15	1009
2012-01-16	1018
2012-01-20	1100
2012-01-21	1039
2012-01-24	902
2012-01-25	890
2012-01-26	819
2012-01-30	1059
2012-01-31	925
2012-02-02	1032
2012-02-03	1296
2012-02-04	1028
2012-02-06	891
2012-02-07	1178
2012-02-08	1197
2012-02-11	960
2012-02-12	793
2012-02-13	855
2012-02-15	767
2012-02-18	982
2012-02-20	1002
2012-02-21	907
2012-02-22	877
2012-02-24	1000
2012-02-25	1014
2012-02-26	881
2012-02-27	725
2012-03-01	903
2012-03-02	767
2012-03-03	941
2012-03-04	896
2012-03-05	791
2012-03-07	871
2012-03-09	859
2012-03-11	792
2012-03-13	911
2012-03-14	816
2012-03-16	905
2012-03-17	960
2012-03-18	807
2012-03-20	934
2012-03-21	944
2012-03-22	931
2012-03-26	912
2012-03-28	981
2012-03-29	872
2012-04-01	767
2012-04-02	917
2012-04-04	868
2012-04-05	905
2012-04-06	821
2012-04-08	776
2012-04-09	970
2012-04-10	1036
2012-04-12	1083
2012-04-16	1122
2012-04-17	1073
2012-04-20	1196
2012-04-24	938
2012-04-25	1190
2012-04-27	1085
2012-04-29	987
2012-04-30	1148
2012-05-02	844
2012-05-03	924
2012-05-04	1187
2012-05-07	1152
2012-05-08	1203
2012-05-09	913
2012-05-10	926
2012-05-12	910
2012-05-14	1082
2012-05-15	1278
2012-05-16	980
2012-05-17	1133
2012-05-18	1502
2012-05-21	1091
2012-05-22	1379
2012-05-23	1435
2012-05-24	1258
2012-05-26	978
2012-05-27	906
2012-05-29	963
2012-05-30	1080
2012-05-31	1170
2012-06-01	1212
2012-06-03	824
2012-06-05	1796
2012-06-07	1525
2012-06-11	986
2012-06-12	1244
2012-06-13	1027
2012-06-14	943
2012-06-15	1152
2012-06-17	843
2012-06-18	931
2012-06-21	1057
2012-06-22	1566
2012-06-24	864
2012-06-25	927
2012-06-26	1165
2012-06-27	1000
2012-06-30	835
2012-07-01	904
2012-07-03	1184
2012-07-04	834
2012-07-08	1112
2012-07-09	1188
2012-07-10	1178
2012-07-11	996
2012-07-12	957
2012-07-13	2501
2012-07-14	753
2012-07-15	904
2012-07-17	1002
2012-07-21	843
2012-07-22	883
2012-07-23	1344
2012-07-24	694
2012-07-26	938
2012-07-27	820
2012-07-28	1129
2012-07-29	1176
2012-07-31	1226
2012-08-02	994
2012-08-03	1000
2012-08-04	971
2012-08-05	841
2012-08-06	839
2012-08-08	1069
2012-08-09	967
2012-08-10	1062
2012-08-11	750
2012-08-12	1261
2012-08-19	868
2012-08-20	812
2012-08-22	1069
2012-08-25	808
2012-08-28	1153
2012-08-29	1062
2012-08-30	1053
2012-08-31	1019
2012-09-02	837
2012-09-03	948
2012-09-05	874
2012-09-06	923
2012-09-09	881
2012-09-10	919
2012-09-11	1026
2012-09-12	978
2012-09-13	939
2012-09-15	851
2012-09-17	1205
2012-09-18	902
2012-09-19	1001
2012-09-20	1015
2012-09-21	1172
2012-09-25	878
2012-09-27	762
2012-09-28	795
2012-09-29	838
2012-09-30	761
2012-10-01	1032
2012-10-05	893
2012-10-06	852
2012-10-07	720
2012-10-08	1014
2012-10-11	861
2012-10-12	916
2012-10-13	845
2012-10-14	614
2012-10-15	1046
2012-10-18	985
2012-10-20	832
2012-10-21	807
2012-10-22	745
2012-10-24	928
2012-10-26	878
2012-10-27	859
2012-10-28	838
2012-10-29	782
2012-10-30	906
2012-11-02	953
2012-11-03	863
2012-11-07	691
2012-11-09	789
2012-11-10	759
2012-11-12	886
2012-11-15	814
2012-11-16	860
2012-11-22	680
2012-11-23	747
2012-11-24	1038
2012-11-25	772
2012-11-26	759
2012-11-27	927
2012-11-29	846
2012-12-03	849
2012-12-04	1111
2012-12-05	891
2012-12-09	787
2012-12-12	1272
2012-12-14	1139
2012-12-15	823
2012-12-16	784
2012-12-18	930
2012-12-19	864
2012-12-20	1017
2012-12-21	997
2012-12-24	743
2012-12-25	637
2012-12-26	757
2012-12-27	897
2012-12-29	884
2012-12-31	1018
2013-01-02	901
2013-01-04	887
2013-01-06	806
2013-01-07	904
2013-01-12	862
2013-01-13	808
2013-01-15	1006
2013-01-18	901
2013-01-20	850
2013-01-23	811
2013-01-26	829
2013-01-27	852
2013-01-29	960
2013-01-30	974
2013-02-01	799
2013-02-04	814
2013-02-05	1088
2013-02-06	883
2013-02-08	915
2013-02-12	809
2013-02-14	928
2013-02-15	748
2013-02-16	743
2013-02-18	731
2013-02-20	1124
2013-02-22	879
2013-02-23	780
2013-03-01	739
2013-03-02	806
2013-03-06	840
2013-03-07	757
2013-03-09	675
2013-03-10	685
2013-03-12	843
2013-03-13	808
2013-03-15	872
2013-03-16	798
2013-03-17	747
2013-03-18	820
2013-03-21	916
2013-03-23	845
2013-03-24	953
2013-03-25	838
2013-03-27	984
2013-03-28	932
2013-03-29	975
2013-03-30	874
2013-04-02	950
2013-04-03	1025
2013-04-05	1051
2013-04-07	839
2013-04-08	967
2013-04-09	1015
2013-04-11	1316
2013-04-13	884
2013-04-15	1021
2013-04-16	840
2013-04-17	1020
2013-04-18	792
2013-04-20	964
2013-04-23	1060
2013-04-25	1028
2013-04-27	846
2013-04-29	946
2013-04-30	781
2013-05-02	851
2013-05-03	750
2013-05-06	978
2013-05-07	958
2013-05-08	816
2013-05-11	781
2013-05-15	768
2013-05-16	748
2013-05-17	705
2013-05-19	796
2013-05-21	967
2013-05-24	881
2013-05-26	769
2013-05-28	1098
2013-05-30	1039
2013-06-01	860
2013-06-02	834
2013-06-03	845
2013-06-07	816
2013-06-09	895
2013-06-10	976
2013-06-12	968
2013-06-13	963
2013-06-14	965
2013-06-15	875
2013-06-16	703
2013-06-19	994
2013-06-20	902
2013-06-21	930
2013-06-22	804
2013-06-24	859
2013-06-29	919
2013-06-30	810
2013-07-01	837
2013-07-02	989
2013-07-03	1089
2013-07-04	847
2013-07-06	729
2013-07-07	788
2013-07-09	1032
2013-07-10	1122
2013-07-15	832
2013-07-19	787
2013-07-20	744
2013-07-24	772
2013-07-25	702
2013-07-26	781
2013-07-28	715
2013-07-30	754
2013-07-31	933
2013-08-01	680
2013-08-04	729
2013-08-07	1633
2013-08-08	1134
2013-08-13	832
2013-08-17	774
2013-08-18	816
2013-08-19	1011
2013-08-20	1024
2013-08-22	1104
2013-08-23	842
2013-08-26	772
2013-08-28	685
2013-08-30	930
2013-08-31	742
2013-09-06	773
2013-09-08	685
2013-09-09	1012
2013-09-11	896
2013-09-13	796
2013-09-16	959
2013-09-18	625
2013-09-20	773
2013-09-21	775
2013-09-22	700
2013-09-23	910
2013-09-24	965
2013-09-26	868
2013-09-27	780
2013-09-28	704
2013-09-29	684
2013-09-30	883
2013-10-04	894
2013-10-05	762
2013-10-06	1028
2013-10-08	1115
2013-10-09	690
2013-10-11	840
2013-10-13	740
2013-10-15	1169
2013-10-16	1133
2013-10-17	1051
2013-10-18	1046
2013-10-20	682
2013-10-21	971
2013-10-23	989
2013-10-24	972
2013-10-25	1010
2013-10-27	760
2013-10-28	1313
2013-10-31	689
2013-11-03	760
2013-11-04	935
2013-11-05	1149
2013-11-06	892
2013-11-07	952
2013-11-08	1075
2013-11-09	757
2013-11-10	914
2013-11-12	1116
2013-11-13	1073
2013-11-14	1004
2013-11-15	1190
2013-11-16	746
2013-11-19	1384
2013-11-21	1160
2013-11-22	726
2013-11-23	789
2013-11-26	1003
2013-11-27	798
2013-12-02	854
2013-12-03	1052
2013-12-07	728
2013-12-09	943
2013-12-10	1230
2013-12-11	879
2013-12-13	886
2013-12-14	675
2013-12-16	965
2013-12-18	834
2013-12-19	890
2013-12-20	1015
2013-12-21	818
2013-12-24	732
2013-12-25	538
2013-12-26	779
2013-12-27	810
2013-12-28	734
2013-12-30	908
2014-01-01	933
2014-01-04	839
2014-01-05	871
2014-01-07	1663
2014-01-08	801
2014-01-10	1003
2014-01-12	777
2014-01-13	1042
2014-01-14	1164
2014-01-16	934
2014-01-20	947
2014-01-21	1298
2014-01-23	1034
2014-01-24	827
2014-01-27	1054
2014-01-28	1071
2014-01-29	937
2014-02-01	873
2014-02-03	1167
2014-02-04	1491
2014-02-06	1038
2014-02-07	1135
2014-02-08	962
2014-02-10	871
2014-02-11	1252
2014-02-12	1410
2014-02-15	860
2014-02-17	776
2014-02-18	892
2014-02-24	904
2014-02-28	795
2014-03-01	927
2014-03-02	867
2014-03-04	858
2014-03-06	811
2014-03-07	755
2014-03-08	879
2014-03-09	764
2014-03-10	939
2014-03-11	777
2014-03-13	709
2014-03-14	721
2014-03-15	946
2014-03-17	851
2014-03-21	861
2014-03-25	890
2014-03-28	767
2014-03-29	756
2014-03-31	793
2014-04-01	729
2014-04-04	749
2014-04-05	835
2014-04-09	892
2014-04-11	806
2014-04-14	913
2014-04-17	776
2014-04-18	925
2014-04-19	812
2014-04-20	819
2014-04-21	885
2014-04-23	923
2014-04-24	723
2014-04-26	861
2014-05-02	740
2014-05-04	791
2014-05-05	773
2014-05-06	1011
2014-05-08	810
2014-05-09	932
2014-05-10	827
2014-05-11	743
2014-05-16	721
2014-05-18	705
2014-05-20	999
2014-05-22	710
2014-05-24	725
2014-05-25	719
2014-05-29	845
2014-06-01	732
2014-06-03	1059
2014-06-04	937
2014-06-05	744
2014-06-06	735
2014-06-08	761
2014-06-09	956
2014-06-12	896
2014-06-13	725
2014-06-14	631
2014-06-15	638
2014-06-16	757
2014-06-17	978
2014-06-18	935
2014-06-19	846
2014-06-20	611
2014-06-22	586
2014-06-23	916
2014-06-24	864
2014-06-25	846
2014-06-29	715
2014-06-30	1097
2014-07-02	684
2014-07-07	779
2014-07-08	1241
2014-07-10	1634
2014-07-11	807
2014-07-12	781
2014-07-17	1213
2014-07-18	762
2014-07-19	731
2014-07-23	1406
2014-07-24	938
2014-07-25	1045
2014-07-28	1214
2014-07-29	1307
2014-07-31	799
2014-08-01	768
2014-08-02	743
2014-08-03	830
2014-08-05	840
2014-08-07	703
2014-08-08	616
2014-08-09	700
2014-08-11	793
2014-08-12	922
2014-08-17	855
2014-08-18	964
2014-08-20	836
2014-08-21	782
2014-08-23	845
2014-08-24	861
2014-08-25	950
2014-08-26	835
2014-08-28	903
2014-08-30	1031
2014-09-01	791
2014-09-04	744
2014-09-08	861
2014-09-11	841
2014-09-13	790
2014-09-14	806
2014-09-15	882
2014-09-16	677
2014-09-17	883
2014-09-18	617
2014-09-22	913
2014-09-24	716
2014-09-25	630
2014-09-26	687
2014-09-27	745
2014-09-28	787
2014-09-29	870
2014-09-30	1033
2014-10-01	853
2014-10-02	729
2014-10-04	780
2014-10-05	629
2014-10-08	877
2014-10-09	855
2014-10-10	1294
2014-10-14	742
2014-10-17	912
2014-10-18	1328
2014-10-19	1135
2014-10-20	1057
2014-10-21	945
2014-10-24	951
2014-10-26	874
2014-10-29	968
2014-10-30	973
2014-10-31	778
2014-11-01	881
2014-11-02	779
2014-11-04	1240
2014-11-05	859
2014-11-07	820
2014-11-08	868
2014-11-09	825
2014-11-10	971
2014-11-11	997
2014-11-12	910
2014-11-13	755
2014-11-14	844
2014-11-15	885
2014-11-16	821
2014-11-17	870
2014-11-18	1090
2014-11-19	721
2014-11-20	812
2014-11-22	781
2014-11-23	807
2014-11-24	751
2014-11-26	1455
2014-11-28	972
2014-11-29	897
2014-11-30	1051
2014-12-01	1094
2014-12-03	893
2014-12-04	724
2014-12-05	765
2014-12-06	838
2014-12-07	775
2014-12-08	848
2014-12-09	963
2014-12-10	776
2014-12-11	747
2014-12-16	791
2014-12-18	739
2014-12-21	922
2014-12-22	878
2014-12-27	751
2014-12-29	807
2014-12-31	879
2015-01-01	957
2015-01-07	916
2015-01-08	1127
2015-01-10	992
2015-01-11	927
2015-01-12	944
2015-01-14	876
2015-01-16	894
2015-01-17	938
2015-01-19	979
2015-01-20	957
2015-01-24	799
2015-01-26	815
2015-01-27	787
2015-01-28	757
2015-01-31	769
2015-02-02	766
2015-02-03	805
2015-02-06	807
2015-02-07	835
2015-02-09	962
2015-02-10	915
2015-02-14	844
2015-02-15	963
2015-02-16	1134
2015-02-19	900
2015-02-20	935
2015-02-21	869
2015-02-23	783
2015-02-24	806
2015-02-26	811
2015-03-01	875
2015-03-03	781
2015-03-05	1088
2015-03-07	1010
2015-03-09	866
2015-03-10	714
2015-03-12	738
2015-03-15	879
2015-03-16	890
2015-03-17	835
2015-03-18	899
2015-03-19	970
2015-03-20	765
2015-03-21	751
2015-03-22	946
2015-03-24	695
2015-03-25	697
2015-03-26	829
2015-03-27	852
2015-03-28	851
2015-03-31	811
2015-04-01	829
2015-04-02	682
2015-04-03	894
2015-04-06	778
2015-04-07	820
2015-04-08	757
2015-04-09	754
2015-04-12	869
2015-04-13	771
2015-04-16	778
2015-04-17	774
2015-04-19	800
2015-04-23	890
2015-04-24	784
2015-04-25	856
2015-04-30	722
2015-05-01	727
2015-05-02	860
2015-05-03	780
2015-05-06	740
2015-05-09	823
2015-05-11	922
2015-05-12	778
2015-05-14	771
2015-05-15	629
2015-05-17	846
2015-05-19	845
2015-05-22	648
2015-05-23	791
2015-05-25	753
2015-05-28	845
2015-05-29	952
2015-05-30	752
2015-05-31	747
2015-06-01	867
2015-06-06	787
2015-06-07	680
2015-06-09	749
2015-06-10	707
2015-06-12	763
2015-06-15	955
2015-06-17	907
2015-06-18	833
2015-06-20	844
2015-06-21	877
2015-06-23	818
2015-06-25	814
2015-06-26	1067
2015-06-30	823
2015-07-03	916
2015-07-04	707
2015-07-06	1125
2015-07-11	772
2015-07-12	966
2015-07-15	732
2015-07-16	772
2015-07-17	755
2015-07-18	796
2015-07-19	948
2015-07-20	859
2015-07-22	1310
2015-07-24	980
2015-07-25	1172
2015-07-26	1043
2015-07-28	900
2015-07-30	916
2015-07-31	818
2015-08-02	822
2015-08-03	810
2015-08-04	868
2015-08-06	811
2015-08-07	841
2015-08-08	856
2015-08-10	926
2015-08-13	950
2015-08-14	861
2015-08-15	810
2015-08-16	763
2015-08-17	949
2015-08-21	783
2015-08-23	779
2015-08-25	836
2015-08-29	976
2015-08-30	857
2015-09-01	742
2015-09-02	849
2015-09-03	1172
2015-09-04	680
2015-09-06	797
2015-09-07	810
2015-08-05	826
2015-09-10	729
2015-09-11	699
2015-09-13	808
2015-09-20	772
2015-09-21	1105
2015-09-22	707
2015-09-25	650
2015-09-26	603
2015-09-27	682
2015-09-29	591
2015-10-02	674
2015-10-03	884
2015-10-05	896
2015-10-07	709
2015-10-09	702
2015-10-11	1002
2015-10-14	839
2015-10-15	752
2015-10-16	729
2015-10-17	986
2015-10-20	1071
2015-10-21	746
2015-10-25	729
2015-10-26	682
2015-10-28	797
2015-10-29	680
2015-10-30	835
2015-11-03	807
2015-11-06	747
2015-11-09	709
2015-11-11	734
2015-11-17	737
2015-11-18	610
2015-11-20	832
2015-11-21	788
2015-11-22	894
2015-11-24	694
2015-11-25	1036
2015-11-26	626
2015-11-27	734
2015-11-29	821
2015-12-01	723
2015-12-02	757
2015-12-05	804
2015-12-09	716
2015-12-10	737
2015-12-11	747
2015-12-12	817
2015-12-17	718
2015-12-18	789
2015-12-20	664
2015-12-21	766
2015-12-22	698
2015-12-26	696
2015-12-29	907
2015-12-31	643
2016-01-02	855
2016-01-03	1179
2016-01-04	979
2016-01-06	1071
2016-01-07	1405
2016-01-08	943
2016-01-11	1113
2016-01-12	818
2016-01-13	802
2016-01-15	742
2016-01-16	934
2016-01-18	838
2016-01-19	803
2016-01-21	688
2016-01-22	725
2016-01-23	1053
2016-01-25	788
2016-01-26	728
2016-01-28	854
2016-01-30	846
2016-01-31	742
2016-02-01	882
2016-02-02	676
2016-02-04	685
2016-02-05	785
2016-02-10	811
2016-02-11	820
2016-02-12	752
2016-02-13	838
2016-02-14	938
2016-02-15	987
2016-02-16	785
2016-02-17	871
2016-02-19	792
2016-02-21	863
2016-02-23	669
2016-02-24	851
2016-02-25	777
2016-02-27	1291
2016-02-28	819
2016-02-29	841
2016-03-01	817
2016-03-02	686
2016-03-05	916
2016-03-06	929
2016-03-15	868
2016-03-17	1029
2016-03-18	826
2016-03-19	997
2016-03-20	842
2016-03-21	893
2016-03-23	796
2016-03-26	729
2016-03-27	819
2016-03-28	803
2016-03-31	718
2016-04-01	698
2016-04-02	815
2016-04-05	838
2016-04-08	741
2016-04-09	882
2016-04-12	757
2016-04-14	806
2016-04-16	929
2016-04-17	849
2016-04-18	793
2016-04-20	713
2016-04-23	742
2016-04-24	842
2016-04-26	843
2016-04-27	760
2016-04-28	743
2016-04-30	802
2016-05-04	878
2016-05-05	847
2016-05-08	1114
2016-05-10	853
2016-05-15	1041
2016-05-16	828
2016-05-17	759
2016-05-18	800
2016-05-21	930
2016-05-22	971
2016-05-24	1752
2016-05-26	737
2016-05-28	743
2016-05-31	911
2016-06-01	764
2016-06-02	751
2016-06-04	693
2016-06-05	762
2016-06-07	753
2016-06-08	740
2016-06-09	662
2016-06-10	625
2016-06-12	711
2016-06-14	932
2016-06-15	682
2016-06-18	743
2016-06-21	752
2016-06-25	741
2016-06-27	675
2016-06-30	676
2016-07-02	779
2016-07-07	697
2016-07-10	720
2016-07-12	766
2016-07-16	741
2016-07-17	971
2016-07-19	824
2016-07-20	723
2016-07-26	1024
2016-07-28	802
2016-07-29	649
2016-07-31	831
2016-08-01	849
2016-08-04	772
2016-08-06	873
2016-08-08	828
2016-08-11	737
2016-08-13	789
2016-08-14	775
2016-08-16	664
2016-08-17	776
2016-08-18	840
2016-08-22	693
2016-08-24	812
2016-08-25	650
2016-08-26	683
2016-08-30	859
2016-09-02	778
2016-09-03	984
2016-09-04	884
2016-09-05	926
2016-09-07	1039
2016-09-08	1143
2016-09-11	1069
2016-10-19	615
2016-09-14	838
2016-09-15	747
2016-09-16	750
2016-09-19	838
2016-09-22	792
2016-09-23	773
2016-09-24	793
2016-09-28	861
2016-09-29	809
2016-09-30	888
2016-10-02	848
2016-10-03	769
2016-10-08	822
2016-10-09	812
2016-10-10	754
2016-10-16	727
2016-10-18	649
2016-10-21	736
2016-10-25	797
2016-10-26	773
2016-10-31	750
2016-11-01	739
2016-11-04	771
2016-11-07	696
2016-11-10	644
2016-11-12	762
2016-11-18	802
2016-11-20	758
2016-11-23	749
2016-11-26	895
2016-11-27	721
2016-11-29	772
2016-11-30	811
2016-12-02	693
2016-12-04	972
2016-12-06	1237
2016-12-07	1053
2016-12-10	797
2016-12-11	876
2016-12-12	972
2016-12-13	809
2016-12-14	814
2016-12-15	745
2016-12-18	753
2016-12-20	765
2016-12-25	698
2016-12-27	834
2016-12-28	1091
2016-12-30	1129
2016-12-31	768
2017-01-01	730
2017-01-02	887
2017-01-03	750
2017-01-04	883
2017-01-06	696
2017-01-08	1043
2017-01-09	866
2017-01-12	684
2017-01-16	958
2017-01-18	762
2017-01-19	662
2017-01-20	732
2017-01-21	806
2017-01-22	768
2017-01-28	1335
2017-01-30	1230
2017-01-31	714
2017-02-04	756
2017-02-06	703
2017-02-07	667
2017-02-08	714
2017-02-11	717
2017-02-12	793
2017-02-19	808
2017-02-20	849
2017-02-21	821
2017-02-25	898
2017-02-27	879
2017-03-01	712
2017-03-03	808
2017-03-04	941
2017-03-05	941
2017-03-07	883
2017-03-09	893
2017-03-10	872
2017-03-11	831
2017-03-13	955
2017-03-14	1325
2017-03-18	917
2017-03-21	985
2017-03-22	991
2017-03-24	732
2017-03-28	815
2017-03-29	1175
2017-03-31	688
2017-04-03	719
2017-04-04	782
2017-04-05	667
2017-04-08	1004
2017-04-13	754
2017-04-14	922
2017-04-17	865
2017-04-18	835
2017-04-19	746
2017-04-21	871
2017-04-26	751
2017-04-27	761
2017-04-28	666
2017-04-29	805
2017-05-01	821
2017-05-02	720
2017-05-05	718
2017-05-06	565
2017-05-08	740
2017-05-09	791
2017-05-10	803
2017-05-12	716
2017-05-13	766
2017-05-14	780
2017-05-16	745
2017-05-21	756
2017-05-26	541
2017-05-27	611
2017-05-28	609
2017-05-29	696
2017-06-01	663
2017-06-02	705
2017-06-04	870
2017-06-05	732
2017-06-08	626
2017-06-09	701
2017-06-13	736
2017-06-15	692
2017-06-19	751
2017-06-22	752
2017-06-23	771
2017-06-24	636
2017-06-25	689
2017-06-27	700
2017-06-28	809
2009-01-13	1498
2009-01-20	1227
2009-01-21	1340
2009-01-22	1608
2009-01-25	1469
2009-01-27	1301
2009-02-10	1328
2009-02-12	1374
2009-03-11	1529
2009-03-20	1467
2009-03-25	1617
2009-04-13	1400
2009-04-14	1443
2009-04-21	1982
2009-05-03	1527
2009-05-06	1285
2009-05-10	1031
2009-05-13	1199
2009-05-14	1194
2009-05-22	1224
2009-05-23	1547
2009-05-24	1221
2009-06-03	1159
2009-06-04	1108
2009-06-05	1123
2009-06-08	1232
2009-06-17	1351
2009-06-21	1171
2009-06-26	1172
2009-07-02	1079
2009-07-05	1324
2009-07-06	1662
2009-07-10	1615
2009-07-14	1310
2009-07-20	1056
2009-07-27	1353
2009-08-02	1039
2009-08-05	1334
2009-08-12	1980
2009-08-15	2794
2009-08-27	2364
2009-08-29	1180
2009-09-05	1125
2009-09-16	1106
2009-09-19	1182
2009-09-28	1284
2009-10-02	1055
2009-10-04	1093
2009-10-08	1180
2009-10-09	1123
2009-10-13	1044
2009-10-16	1132
2009-10-23	1241
2009-10-25	1163
2009-11-01	1063
2009-11-08	1246
2009-11-13	973
2009-11-16	967
2009-11-20	1217
2009-11-21	1230
2009-11-22	1018
2009-11-26	1174
2009-11-27	1093
2009-12-10	1151
2009-12-11	1057
2009-12-15	1215
2009-12-19	1319
2009-12-26	1073
2009-12-27	1264
2009-12-29	1028
2009-12-31	895
2010-01-02	1208
2010-01-04	1346
2010-01-08	1155
2010-01-17	1238
2010-01-22	1363
2010-01-26	1160
2010-02-05	1487
2010-02-07	1223
2010-02-08	1161
2010-02-12	1313
2010-02-21	1077
2010-02-22	1221
2010-02-25	1069
2010-03-01	1080
2010-03-02	1014
2010-03-03	1014
2010-03-04	1021
2010-03-07	1093
2010-03-22	943
2010-03-29	1120
2010-04-10	1009
2010-04-17	1554
2010-04-19	2417
2010-04-27	920
2010-05-21	925
2010-05-26	826
2010-05-28	982
2010-05-29	983
2010-05-31	1114
2010-06-10	982
2010-06-12	841
2010-06-17	988
2010-06-18	1045
2010-06-20	900
2010-06-23	843
2010-06-28	1288
2010-07-06	882
2010-07-08	1135
2010-07-10	1053
2010-07-14	968
2010-07-15	1196
2010-07-23	1444
2010-07-24	959
2010-07-25	1136
2010-08-03	1124
2010-08-10	1714
2010-08-15	1217
2010-08-17	991
2010-08-24	958
2010-08-26	1013
2010-08-27	1095
2010-08-29	1092
2010-08-31	1074
2010-09-01	984
2010-09-10	899
2010-09-11	1403
2010-09-12	958
2010-09-15	1312
2010-09-18	1059
2010-09-20	1428
2010-09-25	1084
2010-10-01	1012
2010-10-04	1116
2010-10-05	1253
2010-10-06	953
2010-10-07	863
2010-10-19	994
2010-10-23	924
2010-11-01	1929
2010-11-05	966
2010-11-08	939
2010-11-15	1244
2010-11-19	920
2010-11-23	1917
2010-11-28	1021
2010-12-04	880
2010-12-09	836
2010-12-11	1039
2010-12-15	936
2010-12-22	1020
2010-12-30	1080
2010-12-31	999
2011-01-09	1009
2011-01-10	989
2011-01-11	1060
2011-01-12	985
2011-01-20	1044
2011-01-24	1063
2011-02-01	1030
2011-02-05	1029
2011-02-11	924
2011-02-15	974
2011-02-17	872
2011-02-18	921
2011-02-22	1151
2011-02-27	1452
2011-03-03	1054
2011-03-05	899
2011-03-12	816
2011-03-13	829
2011-03-14	812
2011-03-15	943
2011-03-18	788
2011-03-19	1182
2011-03-21	928
2011-03-27	950
2011-03-30	1172
2011-03-31	884
2011-04-03	800
2011-04-05	884
2011-04-09	1044
2011-04-10	993
2011-04-11	1082
2011-04-16	954
2011-04-17	828
2011-04-18	923
2011-04-19	884
2011-04-23	942
2011-04-24	864
2011-04-27	1119
2011-05-02	834
2011-05-05	945
2011-05-08	1028
2011-05-09	1103
2011-05-24	849
2011-05-26	741
2011-05-28	851
2011-06-01	734
2011-06-03	798
2011-06-08	874
2011-06-12	855
2011-06-20	984
2011-06-25	803
2011-06-28	860
2011-07-01	907
2011-07-04	783
2011-07-07	885
2011-07-09	912
2011-07-11	940
2011-07-14	917
2011-07-22	838
2011-07-23	949
2011-07-25	979
2011-07-31	860
2011-08-03	926
2011-08-05	1084
2011-08-09	877
2011-08-13	849
2011-08-20	943
2011-08-24	1200
2011-09-02	898
2011-09-05	1190
2011-09-09	1011
2011-09-12	931
2011-09-22	1480
2011-10-10	924
2011-10-24	978
2011-11-05	1077
2011-11-10	897
2011-11-11	1024
2011-11-12	1023
2011-11-14	822
2011-11-30	1004
2011-12-03	780
2011-12-07	938
2011-12-08	749
2011-12-11	888
2011-12-12	790
2011-12-14	931
2011-12-18	865
2011-12-24	802
2011-12-26	824
2011-12-27	925
2011-12-30	1080
2012-01-07	869
2012-01-10	969
2012-01-14	1072
2012-01-17	1034
2012-01-19	933
2012-01-28	946
2012-01-29	861
2012-02-01	960
2012-02-05	1171
2012-02-09	1082
2012-02-14	825
2012-02-16	836
2012-02-17	957
2012-02-23	915
2012-03-06	823
2012-03-08	941
2012-03-10	900
2012-03-15	850
2012-03-30	987
2012-03-31	936
2012-04-07	784
2012-04-14	1024
2012-04-15	940
2012-04-18	1136
2012-04-21	963
2012-04-23	965
2012-04-26	1046
2012-04-28	1120
2012-05-01	1125
2012-05-05	1020
2012-05-06	877
2012-05-11	999
2012-05-28	782
2012-06-02	751
2012-06-04	1327
2012-06-06	1242
2012-06-08	964
2012-06-09	868
2012-06-19	1060
2012-06-20	963
2012-06-23	833
2012-06-29	908
2012-07-02	903
2012-07-05	1060
2012-07-06	970
2012-07-07	1074
2012-07-19	970
2012-07-25	883
2012-07-30	1325
2012-08-01	1151
2012-08-07	1019
2012-08-13	831
2012-08-15	909
2012-08-16	842
2012-08-17	1057
2012-08-18	824
2012-08-21	831
2012-08-23	948
2012-08-24	799
2012-09-01	883
2012-09-07	832
2012-09-08	991
2012-09-23	919
2012-09-24	718
2012-10-02	956
2012-10-03	826
2012-10-09	1052
2012-10-23	729
2012-10-31	740
2012-11-05	848
2012-11-06	843
2012-11-14	801
2012-11-17	755
2012-11-18	743
2012-11-19	761
2012-11-20	766
2012-11-28	896
2012-12-02	640
2012-12-06	906
2012-12-07	948
2012-12-10	794
2012-12-11	985
2012-12-13	977
2012-12-17	1177
2012-12-22	871
2012-12-23	939
2012-12-28	816
2012-12-30	921
2013-01-01	774
2013-01-03	1158
2013-01-05	952
2013-01-09	853
2013-01-10	941
2013-01-11	772
2013-01-14	812
2013-01-16	784
2013-01-22	792
2013-02-09	759
2013-02-10	805
2013-02-13	842
2013-02-17	787
2013-02-19	855
2013-02-27	874
2013-03-03	718
2013-03-04	793
2013-03-14	838
2013-03-19	972
2013-03-20	881
2013-03-26	1097
2013-03-31	856
2013-04-01	873
2013-04-04	988
2013-04-06	944
2013-04-10	978
2013-04-12	915
2013-04-19	852
2013-04-21	744
2013-04-22	969
2013-04-28	840
2013-05-10	687
2013-05-13	802
2013-05-18	744
2013-05-20	834
2013-05-22	835
2013-05-29	935
2013-05-31	959
2013-06-04	789
2013-06-05	944
2013-06-06	911
2013-06-18	1065
2013-06-23	700
2013-06-26	980
2013-06-27	965
2013-07-08	1132
2013-07-12	830
2013-07-13	772
2013-07-16	1056
2013-07-18	824
2013-07-21	785
2013-07-23	1023
2013-08-02	791
2013-08-05	976
2013-08-06	741
2013-08-14	1036
2013-08-16	862
2013-08-21	1199
2013-08-24	746
2013-08-25	765
2013-08-27	852
2013-08-29	811
2013-09-02	704
2013-09-03	766
2013-09-07	669
2013-09-10	1054
2013-09-15	645
2013-09-17	814
2013-09-19	969
2013-09-25	932
2013-10-02	655
2013-10-07	1043
2013-10-10	1035
2013-10-14	1117
2013-10-19	780
2013-10-22	1246
2013-10-26	803
2013-10-30	950
2013-11-11	1102
2013-11-17	727
2013-11-18	1036
2013-11-20	1053
2013-11-24	1245
2013-11-25	745
2013-12-01	727
2013-12-06	1073
2013-12-12	926
2013-12-15	839
2013-12-17	1087
2013-12-23	831
2013-12-31	751
2014-01-02	831
2014-01-03	964
2014-01-09	1001
2014-01-11	847
2014-01-15	971
2014-01-30	891
2014-01-31	1134
2014-02-02	805
2014-02-05	1139
2014-02-13	1148
2014-02-16	986
2014-02-19	965
2014-02-26	966
2014-02-27	874
2014-03-05	839
2014-03-12	878
2014-03-16	711
2014-03-18	783
2014-03-20	709
2014-03-23	831
2014-03-24	791
2014-03-26	940
2014-03-27	712
2014-04-10	721
2014-04-13	700
2014-04-15	1000
2014-04-22	850
2014-04-29	830
2014-04-30	965
2014-05-03	774
2014-05-12	789
2014-05-13	985
2014-05-17	875
2014-05-19	893
2014-05-21	857
2014-05-23	801
2014-05-26	857
2014-05-30	681
2014-06-02	876
2014-06-10	878
2014-06-27	705
2014-06-28	645
2014-07-01	705
2014-07-03	792
2014-07-05	707
2014-07-09	1391
2014-07-13	711
2014-07-15	1141
2014-07-16	960
2014-07-20	711
2014-07-21	805
2014-08-04	943
2014-08-14	1052
2014-08-19	903
2014-08-22	917
2014-09-02	804
2014-09-03	834
2014-09-06	800
2014-09-07	843
2014-09-19	695
2014-09-20	861
2014-09-21	771
2014-10-13	825
2014-10-15	668
2014-10-16	920
2014-10-22	810
2014-10-23	830
2014-10-28	997
2014-11-03	961
2014-11-27	873
2014-12-12	837
2014-12-13	739
2014-12-15	849
2014-12-17	793
2014-12-20	744
2014-12-28	716
2015-01-03	1052
2015-01-09	1181
2015-01-13	874
2015-01-18	983
2015-01-21	823
2015-01-22	716
2015-01-29	759
2015-01-30	691
2015-02-01	911
2015-02-12	854
2015-02-18	937
2015-02-22	820
2015-02-25	1193
2015-03-02	1016
2015-03-06	873
2015-03-08	1042
2015-03-11	827
2015-03-14	807
2015-03-23	703
2015-03-29	792
2015-04-04	751
2015-04-10	727
2015-04-15	750
2015-04-20	846
2015-04-22	688
2015-04-27	948
2015-05-05	866
2015-05-10	833
2015-05-13	731
2015-05-18	688
2015-05-21	642
2015-05-27	746
2015-06-02	784
2015-06-04	676
2015-06-05	766
2015-06-08	993
2015-06-11	707
2015-06-13	692
2015-06-19	788
2015-06-29	729
2015-07-01	745
2015-07-08	837
2015-07-10	765
2015-07-13	760
2015-07-21	1125
2015-08-09	679
2015-08-11	904
2015-08-19	969
2015-08-22	778
2015-08-27	761
2015-08-31	902
2015-09-09	817
2015-09-12	837
2015-09-15	649
2015-09-17	646
2015-09-24	609
2015-09-28	911
2015-09-30	724
2015-10-01	676
2015-10-06	758
2015-10-10	880
2015-10-12	845
2015-10-18	1094
2015-10-19	904
2015-10-22	628
2015-10-23	688
2015-11-04	829
2015-11-05	736
2015-11-07	872
2015-11-08	857
2015-11-10	713
2015-11-12	714
2015-11-13	768
2015-11-14	755
2015-11-15	812
2015-11-23	776
2015-11-28	904
2015-12-03	787
2015-12-07	768
2015-12-13	833
2015-12-14	902
2015-12-15	819
2015-12-19	784
2015-12-23	829
2015-12-30	1194
2016-01-05	753
2016-01-09	849
2016-01-24	874
2016-01-27	754
2016-02-06	830
2016-02-08	808
2016-02-18	802
2016-02-20	722
2016-02-22	948
2016-02-26	988
2016-03-04	753
2016-03-10	790
2016-03-11	819
2016-03-12	739
2016-03-16	926
2016-03-24	717
2016-03-29	742
2016-04-10	786
2016-04-11	847
2016-04-13	791
2016-04-19	780
2016-04-29	740
2016-05-01	1073
2016-05-02	931
2016-05-03	951
2016-05-06	913
2016-05-07	1187
2016-05-09	842
2016-05-11	875
2016-05-12	887
2016-05-13	781
2016-05-19	868
2016-05-20	787
2016-05-23	813
2016-05-25	762
2016-05-27	682
2016-06-06	628
2016-06-11	709
2016-06-13	801
2016-06-16	733
2016-06-20	781
2016-06-26	828
2016-06-28	727
2016-07-04	723
2016-07-05	667
2016-07-06	818
2016-07-09	760
2016-07-11	893
2016-07-15	704
2016-07-18	884
2016-07-22	746
2016-07-27	817
2016-08-02	902
2016-08-03	780
2016-08-07	850
2016-08-10	781
2016-08-12	799
2016-08-15	749
2016-08-20	792
2016-08-23	752
2016-08-29	756
2016-09-09	749
2016-09-10	845
2016-09-12	771
2016-09-13	964
2016-09-17	955
2016-09-21	908
2016-09-26	916
2016-09-27	780
2016-10-04	771
2016-10-12	760
2016-10-13	698
2016-10-14	755
2016-10-15	588
2016-10-20	683
2016-10-22	707
2016-10-23	1002
2016-10-24	789
2016-10-28	719
2016-10-30	811
2016-11-02	804
2016-11-03	840
2016-11-05	784
2016-11-06	773
2016-11-09	682
2016-11-11	727
2016-11-13	733
2016-11-19	666
2016-11-24	797
2016-11-25	774
2016-11-28	800
2016-12-01	708
2016-12-03	800
2016-12-08	1085
2016-12-16	802
2016-12-21	791
2016-12-23	743
2016-12-24	659
2016-12-29	1117
2017-01-05	714
2017-01-14	770
2017-01-23	693
2017-01-25	1009
2017-01-27	844
2017-01-29	1071
2017-02-01	688
2017-02-02	664
2017-02-03	724
2017-02-05	854
2017-02-09	778
2017-02-10	754
2017-02-13	783
2017-02-14	704
2017-02-15	765
2017-02-16	744
2017-02-17	670
2017-02-18	789
2017-02-22	732
2017-02-23	1092
2017-02-24	752
2017-03-15	921
2017-03-16	985
2017-03-17	762
2017-03-27	1054
2017-03-30	1095
2017-04-06	927
2017-04-09	770
2017-04-10	899
2017-04-12	855
2017-04-15	682
2017-04-16	649
2017-04-20	820
2017-04-22	770
2017-05-03	750
2017-04-24	817
2017-05-07	948
2017-05-11	658
2017-05-17	646
2017-05-22	727
2017-05-31	773
2017-06-03	675
2017-06-07	765
2017-06-10	672
2017-06-11	696
2017-06-12	690
2017-06-17	684
2017-06-18	644
2017-06-20	734
2017-06-26	823
2017-06-29	748
2017-06-30	750
2009-01-29	1343
2009-02-11	1416
2009-03-18	1270
2009-04-23	1462
2009-05-20	1208
2009-06-16	1325
2009-07-03	1157
2009-09-11	1089
2009-09-12	1031
2009-10-17	1463
2009-10-30	1156
2009-11-06	1193
2009-11-11	1032
2009-11-14	1005
2009-11-28	1075
2009-12-06	1075
2009-12-18	1070
2009-12-25	1163
2010-01-06	1298
2010-01-11	1139
2010-01-12	1157
2010-01-13	1294
2010-01-30	1089
2010-02-10	1115
2010-02-15	1177
2010-02-19	1132
2010-02-26	1052
2010-03-09	1067
2010-03-15	960
2010-03-28	1085
2010-04-14	1156
2010-04-21	1032
2010-04-23	1497
2010-04-28	852
2010-05-07	836
2010-05-15	966
2010-05-22	1066
2010-05-23	1571
2010-05-25	886
2010-06-14	925
2010-06-21	908
2010-06-30	1081
2010-07-02	804
2010-07-03	1062
2010-07-07	1163
2010-07-21	1126
2010-07-31	1071
2010-08-01	844
2010-08-06	1019
2010-08-14	1037
2010-08-22	892
2010-09-03	987
2010-09-06	955
2010-09-23	965
2010-10-22	1058
2010-10-26	1120
2010-11-22	1070
2010-11-26	907
2010-12-13	932
2010-12-14	966
2010-12-20	1223
2010-12-25	614
2010-12-27	1134
2011-01-14	926
2011-02-02	1081
2011-02-04	1036
2011-03-20	823
2011-03-26	910
2011-04-01	835
2011-04-02	899
2011-04-08	947
2011-05-18	919
2011-06-16	972
2011-07-20	1058
2011-07-27	799
2011-07-28	856
2011-08-10	982
2011-08-21	949
2011-09-11	1061
2011-09-17	928
2011-10-09	860
2011-10-11	883
2011-11-03	876
2011-11-26	895
2011-12-01	838
2011-12-16	955
2012-01-22	1034
2012-01-27	872
2012-02-29	845
2012-03-12	794
2012-03-23	932
2012-03-24	843
2012-03-25	823
2012-03-27	1010
2012-04-13	957
2012-04-22	906
2012-05-13	810
2012-05-19	2058
2012-05-25	986
2012-06-10	919
2012-06-16	1075
2012-06-28	848
2012-07-16	878
2012-07-18	1080
2012-07-20	940
2012-08-14	909
2012-09-14	949
2012-09-16	799
2012-09-26	872
2012-10-16	971
2012-10-17	796
2012-11-04	943
2012-11-11	747
2012-11-13	911
2012-11-21	785
2012-11-30	850
2012-12-08	702
2013-01-08	945
2013-01-17	777
2013-01-19	863
2013-01-21	881
2013-01-25	833
2013-01-28	877
2013-01-31	866
2013-02-02	745
2013-02-24	871
2013-02-25	809
2013-02-26	927
2013-02-28	670
2013-03-08	892
2013-03-22	822
2012-12-01	797
2013-05-01	905
2013-05-05	747
2013-05-14	948
2013-05-23	1071
2013-05-27	874
2013-06-11	1209
2013-06-17	1069
2013-06-28	934
2013-07-11	1006
2013-07-14	705
2013-07-17	818
2013-07-22	856
2013-07-27	743
2013-08-09	952
2013-08-10	739
2013-08-11	703
2013-08-12	780
2013-08-15	732
2013-09-12	1027
2013-09-14	737
2013-10-01	1037
2013-10-12	703
2013-10-29	1271
2013-11-01	806
2013-11-02	764
2013-11-28	687
2013-11-29	771
2013-12-04	1026
2013-12-05	1001
2013-12-08	901
2013-12-22	702
2013-12-29	807
2014-01-17	876
2014-01-18	687
2014-01-19	862
2014-01-22	1178
2014-01-25	788
2014-02-09	938
2014-02-14	1216
2014-02-20	1019
2014-02-21	1029
2014-02-25	739
2014-03-03	719
2014-03-22	827
2014-04-07	724
2014-04-12	696
2014-04-27	715
2014-04-28	759
2014-05-01	714
2014-05-14	879
2014-05-15	691
2014-05-27	854
2014-05-28	743
2014-06-11	857
2014-07-06	783
2014-07-26	695
2014-07-27	750
2014-07-30	933
2014-08-06	726
2014-08-15	714
2014-08-16	732
2014-08-27	863
2014-08-29	846
2014-09-09	869
2014-09-10	724
2014-09-12	701
2014-10-03	703
2014-10-06	725
2014-10-07	795
2014-10-12	991
2014-10-27	840
2014-11-25	835
2014-12-14	702
2014-12-19	701
2015-01-02	1374
2015-01-04	1006
2015-01-05	843
2015-01-15	817
2015-02-04	848
2015-02-05	724
2015-02-08	867
2015-02-13	864
2015-02-27	832
2015-03-30	983
2015-04-05	802
2015-04-11	776
2015-04-18	656
2015-04-21	1039
2015-04-26	1015
2015-04-28	811
2015-04-29	803
2015-05-08	821
2015-05-16	744
2015-05-26	740
2015-06-16	883
2015-06-22	898
2015-06-24	763
2015-07-02	881
2015-07-05	786
2015-08-01	772
2015-08-12	842
2015-08-18	1131
2015-08-20	771
2015-08-24	945
2015-09-08	708
2015-09-18	621
2015-10-08	707
2015-10-13	712
2015-10-24	715
2015-10-31	727
2015-11-01	1428
2015-11-02	700
2015-11-19	711
2015-11-30	859
2015-12-06	692
2015-12-08	787
2015-12-16	1033
2015-12-27	677
2015-12-28	813
2016-01-10	1065
2016-02-03	787
2016-02-09	823
2016-03-07	846
2016-03-08	848
2016-03-09	797
2016-03-13	780
2016-03-30	818
2016-04-03	818
2016-04-04	820
2016-04-06	702
2016-04-07	751
2016-04-15	824
2016-04-21	667
2016-04-22	797
2016-04-25	704
2016-05-14	937
2016-05-29	757
2016-05-30	808
2016-06-03	791
2016-06-22	818
2016-06-24	634
2016-06-29	904
2016-07-01	646
2016-07-03	666
2016-07-08	748
2016-07-23	647
2016-07-24	654
2016-08-05	776
2016-08-09	793
2016-08-19	804
2016-08-27	743
2016-08-28	854
2016-08-31	742
2016-09-20	757
2016-10-01	906
2016-10-06	882
2016-10-11	716
2016-10-17	673
2016-11-15	915
2016-11-16	729
2016-11-22	735
2016-12-05	878
2016-12-22	848
2017-01-07	717
2017-01-10	660
2017-01-11	717
2017-01-13	921
2017-01-15	763
2017-01-17	697
2017-01-24	827
2017-02-26	999
2017-03-06	979
2017-03-08	833
2017-03-19	951
2017-03-20	1070
2017-03-23	865
2017-03-25	700
2017-03-26	895
2017-04-07	731
2017-04-11	916
2017-05-04	698
2017-05-15	828
2017-05-19	676
2017-05-23	775
2017-05-24	705
2017-05-25	737
2017-06-06	691
2017-06-21	623
2009-02-18	1369
2009-03-19	1374
2009-09-21	1285
2009-10-26	1300
2009-11-07	1042
2010-01-16	1169
2010-03-21	1139
2010-03-24	924
2010-05-19	912
2010-06-03	973
2010-06-22	989
2010-07-05	1167
2010-07-11	868
2010-07-16	917
2010-07-22	936
2010-08-09	991
2010-09-27	834
2010-10-09	884
2010-10-16	943
2010-11-27	926
2011-01-19	1112
2011-01-27	948
2011-03-01	890
2011-03-08	908
2011-03-25	861
2011-04-15	889
2011-04-20	759
2011-04-25	1161
2011-04-30	841
2011-05-10	1031
2011-05-22	727
2011-07-10	822
2011-11-13	1041
2011-11-29	1040
2011-12-09	845
2012-01-23	926
2012-02-19	893
2012-02-28	713
2012-03-19	900
2012-04-03	811
2012-04-11	1072
2012-04-19	1064
2012-05-20	1123
2012-08-27	988
2012-09-22	742
2012-10-10	836
2012-10-25	890
2013-01-24	755
2013-02-03	796
2013-02-21	843
2013-03-05	963
2013-03-11	1084
2013-04-24	876
2013-04-26	967
2013-05-04	809
2013-05-09	731
2013-05-12	756
2013-05-25	715
2013-06-08	761
2013-09-04	853
2013-10-03	816
2014-02-22	795
2014-03-19	994
2014-04-02	874
2014-04-03	644
2014-04-06	663
2014-05-07	908
2014-07-14	722
2014-07-22	1094
2014-08-13	908
2014-08-31	801
2014-09-05	760
2014-09-23	734
2014-10-11	969
2014-10-25	899
2014-11-06	768
2014-12-02	905
2014-12-23	715
2014-12-25	584
2014-12-26	608
2015-01-06	814
2015-02-11	769
2015-02-17	912
2015-02-28	739
2015-03-04	779
2015-03-13	797
2015-05-07	730
2015-05-24	649
2015-07-09	741
2015-07-23	931
2015-07-27	865
2015-07-29	809
2015-08-26	792
2015-08-28	761
2015-09-05	686
2015-09-14	761
2015-09-19	679
2015-10-27	705
2015-12-24	635
2016-01-01	672
2016-01-14	752
2016-01-20	757
2016-02-07	845
2016-03-14	837
2016-03-22	727
2016-03-25	719
2016-06-17	665
2016-07-14	682
2016-07-21	740
2016-08-21	828
2016-09-06	923
2016-09-18	881
2016-09-25	1085
2016-10-27	749
2016-10-29	692
2016-11-08	600
2016-11-14	636
2016-11-17	700
2016-12-19	783
2016-12-26	1130
2017-01-26	745
2017-02-28	800
2017-03-02	823
2017-04-02	652
2017-04-23	740
2017-04-30	853
2017-05-20	621
2017-05-30	650
2009-01-01	1107
2009-02-20	1133
2009-03-08	1279
2010-12-10	918
2011-01-02	1130
2011-05-03	898
2011-05-15	865
2011-08-14	915
2012-01-12	842
2012-08-26	833
2012-10-04	875
2012-10-19	776
2013-02-07	906
2013-02-11	821
2013-07-05	762
2013-08-03	725
2014-01-06	923
2014-01-26	755
2014-02-23	858
2014-03-30	961
2014-05-31	723
2014-06-07	571
2014-06-21	648
2014-06-26	827
2014-08-10	709
2014-12-30	929
2015-04-14	985
2015-05-04	808
2015-05-20	713
2015-06-03	813
2015-06-28	816
2015-07-07	756
2015-07-14	807
2015-09-16	596
2015-11-16	700
2016-01-29	753
2016-03-03	755
2016-06-23	739
2016-07-13	788
2016-07-25	766
2016-07-30	782
2016-09-01	754
2016-10-05	835
2016-11-21	763
2016-12-17	806
2017-06-16	617
2009-10-06	1064
2011-11-23	818
2012-01-18	194
2013-04-14	888
2013-06-25	1083
2014-11-21	716
2015-06-14	892
2015-06-27	797
2016-01-17	908
2016-10-07	689
2016-12-09	748
2017-03-12	1126
2017-05-18	714
2010-08-04	1085
2010-09-07	1012
2011-06-26	859
2012-02-10	1122
2012-11-08	695
2013-07-29	744
2013-09-01	798
2013-09-05	803
2013-11-30	834
2014-04-16	902
2014-12-24	620
2015-01-23	970
2015-01-25	855
2015-09-23	584
2015-12-25	585
2017-04-01	577
2017-04-25	737
2012-11-01	826
2014-04-25	852
2015-10-04	763
2015-12-04	767
2016-06-19	746
2017-06-14	692
2012-09-04	809
2014-07-04	771
2011-08-02	877
2014-04-08	849
