mim_date	mim_num_moves_user	mim_num_moves_draft
2009-01-01	12	11
2009-01-02	14	7
2009-01-03	11	1
2009-01-04	10	1
2009-01-05	18	7
2009-01-06	10	3
2009-01-07	7	10
2009-01-08	13	4
2009-01-09	9	1
2009-01-10	13	0
2009-01-11	9	0
2009-01-12	17	6
2009-01-13	10	2
2009-01-14	12	6
2009-01-15	10	4
2009-01-16	5	7
2009-01-17	20	1
2009-01-18	9	3
2009-01-19	10	3
2009-01-20	16	4
2009-01-21	18	7
2009-01-22	38	1
2009-01-23	14	7
2009-01-24	17	1
2009-01-25	8	6
2009-01-26	16	1
2009-01-27	12	2
2009-01-28	37	7
2009-01-29	35	4
2009-01-30	12	4
2009-01-31	5	1
2009-02-01	12	3
2009-02-02	17	3
2009-02-03	12	6
2009-02-04	6	1
2009-02-05	11	0
2009-02-06	21	5
2009-02-07	19	1
2009-02-08	7	2
2009-02-09	11	0
2009-02-10	10	8
2009-02-11	13	8
2009-02-12	22	8
2009-02-13	17	3
2009-02-14	8	3
2009-02-15	11	5
2009-02-16	7	6
2009-02-17	13	3
2009-02-18	11	3
2009-02-19	20	2
2009-02-20	15	1
2009-02-21	16	4
2009-02-22	7	1
2009-02-23	13	8
2009-02-24	21	6
2009-02-25	10	5
2009-02-26	7	5
2009-02-27	17	4
2009-02-28	21	2
2009-03-01	12	2
2009-03-02	12	8
2009-03-03	28	4
2009-03-04	22	3
2009-03-05	32	11
2009-03-06	24	2
2009-03-07	10	3
2009-03-08	40	4
2009-03-09	19	1
2009-03-10	19	5
2009-03-11	17	2
2009-03-12	11	5
2009-03-13	9	2
2009-03-14	17	1
2009-03-15	15	1
2009-03-16	16	3
2009-03-17	13	3
2009-03-18	11	5
2009-03-19	19	0
2009-03-20	9	2
2009-03-21	12	3
2009-03-22	12	3
2009-03-23	12	7
2009-03-24	10	1
2009-03-25	9	1
2009-03-26	13	2
2009-03-27	10	3
2009-03-28	8	2
2009-03-29	14	1
2009-03-30	16	2
2009-03-31	22	12
2009-04-01	15	5
2009-04-02	28	3
2009-04-03	30	2
2009-04-04	11	10
2009-04-05	8	2
2009-04-06	18	5
2009-04-07	28	8
2009-04-08	18	5
2009-04-09	16	4
2009-04-10	14	3
2009-04-11	6	3
2009-04-12	8	2
2009-04-13	18	2
2009-04-14	17	1
2009-04-15	22	2
2009-04-16	17	4
2009-04-17	14	2
2009-04-18	5	4
2009-04-19	11	3
2009-04-20	11	1
2009-04-21	5	2
2009-04-22	14	2
2009-04-23	12	9
2009-04-24	8	4
2009-04-25	6	1
2009-04-26	19	3
2009-04-27	13	3
2009-04-28	9	1
2009-04-29	8	3
2009-04-30	13	1
2009-05-01	10	1
2009-05-02	8	5
2009-05-03	22	1
2009-05-04	15	1
2009-05-05	17	3
2009-05-06	11	5
2009-05-07	14	3
2009-05-08	12	3
2009-05-09	10	6
2009-05-10	14	10
2009-05-11	10	4
2009-05-12	20	3
2009-05-13	20	2
2009-05-14	19	2
2009-05-15	14	2
2009-05-16	17	2
2009-05-17	15	3
2009-05-18	21	4
2009-05-19	20	5
2009-05-20	16	2
2009-05-21	17	2
2009-05-22	14	1
2009-05-23	11	2
2009-05-24	13	0
2009-05-25	49	4
2009-05-26	17	0
2009-05-27	25	2
2009-05-28	17	1
2009-05-29	17	3
2009-05-30	17	4
2009-05-31	13	1
2009-06-01	23	0
2009-06-02	24	5
2009-06-03	26	1
2009-06-04	14	1
2009-06-05	13	5
2009-06-06	11	1
2009-06-07	10	0
2009-06-08	21	1
2009-06-09	33	2
2009-06-10	30	4
2009-06-11	20	0
2009-06-12	9	2
2009-06-13	16	3
2009-06-14	20	0
2009-06-15	36	2
2009-06-16	15	0
2009-06-17	13	0
2009-06-18	26	2
2009-06-19	23	0
2009-06-20	35	1
2009-06-21	22	1
2009-06-22	20	0
2009-06-23	21	7
2009-06-24	25	1
2009-06-25	20	0
2009-06-26	27	0
2009-06-27	22	2
2009-06-28	18	4
2009-06-29	26	3
2009-06-30	25	1
2009-07-01	24	1
2009-07-02	12	4
2009-07-03	10	7
2009-07-04	14	4
2009-07-05	13	0
2009-07-06	36	1
2009-07-07	38	0
2009-07-08	26	0
2009-07-09	15	3
2009-07-10	27	0
2009-07-11	10	0
2009-07-12	11	2
2009-07-13	17	1
2009-07-14	12	3
2009-07-15	23	1
2009-07-16	22	1
2009-07-17	23	1
2009-07-18	17	7
2009-07-19	23	3
2009-07-20	28	1
2009-07-21	23	0
2009-07-22	25	0
2009-07-23	22	0
2009-07-24	18	1
2009-07-25	16	1
2009-07-26	15	0
2009-07-27	29	0
2009-07-28	20	1
2009-07-29	18	1
2009-07-30	26	5
2009-07-31	20	0
2009-08-01	19	1
2009-08-02	21	17
2009-08-03	19	5
2009-08-04	19	2
2009-08-05	23	5
2009-08-06	22	3
2009-08-07	17	3
2009-08-08	21	1
2009-08-09	35	1
2009-08-10	29	5
2009-08-11	35	3
2009-08-12	18	2
2009-08-13	13	0
2009-08-14	18	2
2009-08-15	16	6
2009-08-16	18	5
2009-08-17	17	3
2009-08-18	27	8
2009-08-19	12	2
2009-08-20	67	5
2009-08-21	19	5
2009-08-22	27	9
2009-08-23	14	16
2009-08-24	19	3
2009-08-25	23	4
2009-08-26	20	7
2009-08-27	18	2
2009-08-28	29	4
2009-08-29	13	3
2009-08-30	31	5
2009-08-31	17	5
2009-09-01	25	0
2009-09-02	21	4
2009-09-03	29	2
2009-09-04	23	0
2009-09-05	14	1
2009-09-06	22	1
2009-09-07	23	5
2009-09-08	28	1
2009-09-09	13	1
2009-09-10	13	5
2009-09-11	17	5
2009-09-12	22	7
2009-09-13	18	1
2009-09-14	21	1
2009-09-15	22	2
2009-09-16	16	1
2009-09-17	50	1
2009-09-18	10	3
2009-09-19	15	0
2009-09-20	22	4
2009-09-21	22	3
2009-09-22	14	8
2009-09-23	23	4
2009-09-24	23	2
2009-09-25	17	14
2009-09-26	15	2
2009-09-27	15	2
2009-09-28	20	6
2009-09-29	17	4
2009-09-30	20	0
2009-10-01	27	6
2009-10-02	27	3
2009-10-03	17	6
2009-10-04	17	5
2009-10-05	22	1
2009-10-06	21	3
2009-10-07	19	9
2009-10-08	19	0
2009-10-09	19	7
2009-10-10	11	4
2009-10-11	52	8
2009-10-12	15	2
2009-10-13	25	2
2009-10-14	15	14
2009-10-15	19	3
2009-10-16	20	5
2009-10-17	15	0
2009-10-18	27	4
2009-10-19	26	7
2009-10-20	24	1
2009-10-21	26	4
2009-10-22	38	4
2009-10-23	22	8
2009-10-24	27	5
2009-10-25	27	1
2009-10-26	25	2
2009-10-27	26	3
2009-10-28	27	2
2009-10-29	30	5
2009-10-30	37	1
2009-10-31	14	2
2009-11-01	22	2
2009-11-02	28	1
2009-11-03	27	0
2009-11-04	21	5
2009-11-05	24	0
2009-11-06	26	7
2009-11-07	19	19
2009-11-08	26	7
2009-11-09	35	9
2009-11-10	34	5
2009-11-11	27	3
2009-11-12	28	1
2009-11-13	33	3
2009-11-14	17	4
2009-11-15	20	5
2009-11-16	34	2
2009-11-17	29	3
2009-11-18	37	1
2009-11-19	38	2
2009-11-20	28	2
2009-11-21	36	1
2009-11-22	25	4
2009-11-23	38	3
2009-11-24	35	1
2009-11-25	34	5
2009-11-26	29	2
2009-11-27	18	2
2009-11-28	16	3
2009-11-29	21	0
2009-11-30	38	17
2009-12-01	37	6
2009-12-02	34	4
2009-12-03	20	5
2009-12-04	39	8
2009-12-05	24	0
2009-12-06	30	8
2009-12-07	36	8
2009-12-08	37	4
2009-12-09	33	3
2009-12-10	34	5
2009-12-11	33	7
2009-12-12	34	4
2009-12-13	19	3
2009-12-14	37	6
2009-12-15	36	2
2009-12-16	42	2
2009-12-17	35	2
2009-12-18	28	0
2009-12-19	21	1
2009-12-20	22	3
2009-12-21	34	3
2009-12-22	29	4
2009-12-23	34	1
2009-12-24	16	0
2009-12-25	17	4
2009-12-26	10	6
2009-12-27	33	0
2009-12-28	22	4
2009-12-29	41	3
2009-12-30	32	6
2009-12-31	32	2
2010-01-01	46	2
2010-01-02	37	3
2010-01-03	41	2
2010-01-04	34	2
2010-01-05	39	3
2010-01-06	45	1
2010-01-07	47	2
2010-01-08	40	4
2010-01-09	36	6
2010-01-10	42	3
2010-01-11	51	5
2010-01-12	43	2
2010-01-13	47	7
2010-01-14	43	2
2010-01-15	44	10
2010-01-16	33	6
2010-01-17	35	1
2010-01-18	36	4
2010-01-19	38	6
2010-01-20	40	1
2010-01-21	41	5
2010-01-22	42	3
2010-01-23	30	1
2010-01-24	25	10
2010-01-25	49	2
2010-01-26	31	0
2010-01-27	33	6
2010-01-28	27	1
2010-01-29	35	4
2010-01-30	22	2
2010-01-31	23	0
2010-02-01	36	3
2010-02-02	25	2
2010-02-03	53	4
2010-02-04	40	5
2010-02-05	30	0
2010-02-06	36	4
2010-02-07	26	2
2010-02-08	34	3
2010-02-09	52	3
2010-02-10	31	4
2010-02-11	42	5
2010-02-12	33	7
2010-02-13	21	2
2010-02-14	35	2
2010-02-15	42	11
2010-02-16	47	1
2010-02-17	31	5
2010-02-18	27	4
2010-02-19	39	8
2010-02-20	28	4
2010-02-21	43	1
2010-02-22	52	2
2010-02-23	35	6
2010-02-24	41	3
2010-02-25	43	2
2010-02-26	33	1
2010-02-27	37	5
2010-02-28	30	5
2010-03-01	33	2
2010-03-02	40	1
2010-03-03	40	1
2010-03-04	47	8
2010-03-05	44	10
2010-03-06	27	4
2010-03-07	31	1
2010-03-08	43	2
2010-03-09	50	6
2010-03-10	47	6
2010-03-11	32	3
2010-03-12	39	7
2010-03-13	29	0
2010-03-14	26	2
2010-03-15	37	9
2010-03-16	26	2
2010-03-17	42	2
2010-03-18	32	4
2010-03-19	47	1
2010-03-20	51	5
2010-03-21	37	3
2010-03-22	54	3
2010-03-23	36	2
2010-03-24	32	1
2010-03-25	39	4
2010-03-26	31	4
2010-03-27	32	1
2010-03-28	26	10
2010-03-29	44	1
2010-03-30	43	4
2010-03-31	44	5
2010-04-01	29	5
2010-04-02	24	2
2010-04-03	32	7
2010-04-04	27	11
2010-04-05	43	4
2010-04-06	34	2
2010-04-07	29	7
2010-04-08	32	3
2010-04-09	37	2
2010-04-10	28	4
2010-04-11	20	2
2010-04-12	22	2
2010-04-13	45	7
2010-04-14	29	1
2010-04-15	35	3
2010-04-16	27	1
2010-04-17	20	3
2010-04-18	33	4
2010-04-19	28	1
2010-04-20	37	4
2010-04-21	28	0
2010-04-22	32	1
2010-04-23	37	1
2010-04-24	25	3
2010-04-25	34	5
2010-04-26	39	13
2010-04-27	29	2
2010-04-28	37	0
2010-04-29	28	3
2010-04-30	29	3
2010-05-01	32	1
2010-05-02	15	3
2010-05-03	40	6
2010-05-04	35	1
2010-05-05	36	8
2010-05-06	23	15
2010-05-07	28	4
2010-05-08	30	2
2010-05-09	34	3
2010-05-10	46	4
2010-05-11	37	4
2010-05-12	38	7
2010-05-13	28	7
2010-05-14	32	6
2010-05-15	24	8
2010-05-16	22	2
2010-05-17	27	2
2010-05-18	32	3
2010-05-19	28	6
2010-05-20	28	4
2010-05-21	40	2
2010-05-22	19	7
2010-05-23	31	3
2010-05-24	47	9
2010-05-25	32	9
2010-05-26	46	6
2010-05-27	23	4
2010-05-28	27	6
2010-05-29	21	5
2010-05-30	35	4
2010-05-31	34	2
2010-06-01	46	4
2010-06-02	21	22
2010-06-03	34	9
2010-06-04	20	2
2010-06-05	37	5
2010-06-06	40	3
2010-06-07	34	10
2010-06-08	25	5
2010-06-09	36	4
2010-06-10	34	1
2010-06-11	23	6
2010-06-12	17	2
2010-06-13	15	4
2010-06-14	27	3
2010-06-15	29	10
2010-06-16	29	4
2010-06-17	49	3
2010-06-18	36	7
2010-06-19	22	6
2010-06-20	22	12
2010-06-21	31	8
2010-06-22	33	11
2010-06-23	23	9
2010-06-24	30	6
2010-06-25	22	5
2010-06-26	18	5
2010-06-27	20	8
2010-06-28	27	11
2010-06-29	18	14
2010-06-30	34	10
2010-07-01	33	4
2010-07-02	21	12
2010-07-03	15	12
2010-07-04	14	10
2010-07-05	22	8
2010-07-06	29	5
2010-07-07	38	4
2010-07-08	27	10
2010-07-09	20	8
2010-07-10	13	5
2010-07-11	16	6
2010-07-12	37	8
2010-07-13	32	1
2010-07-14	31	1
2010-07-15	31	8
2010-07-16	23	5
2010-07-17	20	4
2010-07-18	17	3
2010-07-19	26	3
2010-07-20	43	9
2010-07-21	35	8
2010-07-22	36	9
2010-07-23	25	2
2010-07-24	33	6
2010-07-25	21	5
2010-07-26	42	5
2010-07-27	49	14
2010-07-28	29	2
2010-07-29	43	3
2010-07-30	66	2
2010-07-31	26	5
2010-08-01	16	2
2010-08-02	36	3
2010-08-03	40	3
2010-08-04	25	13
2010-08-05	23	3
2010-08-06	39	11
2010-08-07	22	4
2010-08-08	33	2
2010-08-09	39	0
2010-08-10	29	4
2010-08-11	40	1
2010-08-12	27	0
2010-08-13	27	1
2010-08-14	19	0
2010-08-15	22	5
2010-08-16	27	0
2010-08-17	32	1
2010-08-18	24	19
2010-08-19	25	1
2010-08-20	35	6
2010-08-21	32	5
2010-08-22	29	6
2010-08-23	30	0
2010-08-24	35	1
2010-08-25	40	3
2010-08-26	42	0
2010-08-27	45	7
2010-08-28	27	4
2010-08-29	12	7
2010-08-30	47	9
2010-08-31	47	0
2010-09-01	33	0
2010-09-02	26	4
2010-09-03	29	5
2010-09-04	16	8
2010-09-05	21	0
2010-09-06	27	2
2010-09-07	29	5
2010-09-08	31	0
2010-09-09	31	2
2010-09-10	24	5
2010-09-11	20	4
2010-09-12	24	5
2010-09-13	33	23
2010-09-14	37	6
2010-09-15	17	8
2010-09-16	22	5
2010-09-17	23	2
2010-09-18	24	3
2010-09-19	22	3
2010-09-20	30	4
2010-09-21	35	5
2010-09-22	36	2
2010-09-23	17	4
2010-09-24	40	6
2010-09-25	24	5
2010-09-26	23	10
2010-09-27	30	9
2010-09-28	18	1
2010-09-29	30	14
2010-09-30	32	2
2010-10-01	40	1
2010-10-02	24	7
2010-10-03	13	0
2010-10-04	28	5
2010-10-05	84	3
2010-10-06	40	6
2010-10-07	22	8
2010-10-08	24	1
2010-10-09	25	8
2010-10-10	19	2
2010-10-11	31	1
2010-10-12	38	6
2010-10-13	24	4
2010-10-14	37	7
2010-10-15	24	6
2010-10-16	17	2
2010-10-17	14	4
2010-10-18	37	8
2010-10-19	44	0
2010-10-20	31	7
2010-10-21	42	2
2010-10-22	52	1
2010-10-23	34	9
2010-10-24	24	4
2010-10-25	41	1
2010-10-26	28	5
2010-10-27	31	17
2010-10-28	37	1
2010-10-29	28	1
2010-10-30	30	5
2010-10-31	17	4
2010-11-01	21	7
2010-11-02	41	10
2010-11-03	30	5
2010-11-04	27	1
2010-11-05	30	4
2010-11-06	31	2
2010-11-07	33	1
2010-11-08	23	5
2010-11-09	28	1
2010-11-10	31	3
2010-11-11	38	6
2010-11-12	34	0
2010-11-13	22	4
2010-11-14	22	2
2010-11-15	25	3
2010-11-16	30	3
2010-11-17	37	3
2010-11-18	23	1
2010-11-19	21	5
2010-11-20	24	9
2010-11-21	22	8
2010-11-22	31	4
2010-11-23	33	2
2010-11-24	28	9
2010-11-25	18	2
2010-11-26	18	3
2010-11-27	26	1
2010-11-28	32	2
2010-11-29	41	4
2010-11-30	36	8
2010-12-01	27	8
2010-12-02	27	4
2010-12-03	38	2
2010-12-04	26	8
2010-12-05	27	11
2010-12-06	42	2
2010-12-07	41	4
2010-12-08	23	7
2010-12-09	43	3
2010-12-10	25	7
2010-12-11	19	6
2010-12-12	26	1
2010-12-13	22	5
2010-12-14	25	12
2010-12-15	39	10
2010-12-16	24	4
2010-12-17	25	5
2010-12-18	18	5
2010-12-19	21	4
2010-12-20	26	2
2010-12-21	32	4
2010-12-22	33	7
2010-12-23	25	32
2010-12-24	20	8
2010-12-25	9	4
2010-12-26	13	5
2010-12-27	23	4
2010-12-28	28	4
2010-12-29	28	2
2010-12-30	34	2
2010-12-31	25	2
2011-01-01	12	7
2011-01-02	29	5
2011-01-03	24	2
2011-01-04	40	7
2011-01-05	35	6
2011-01-06	25	5
2011-01-07	28	2
2011-01-08	25	2
2011-01-09	28	10
2011-01-10	33	6
2011-01-11	24	2
2011-01-12	30	3
2011-01-13	22	1
2011-01-14	38	6
2011-01-15	34	4
2011-01-16	27	5
2011-01-17	40	1
2011-01-18	41	4
2011-01-19	26	3
2011-01-20	31	11
2011-01-21	36	6
2011-01-22	29	23
2011-01-23	31	4
2011-01-24	35	9
2011-01-25	33	6
2011-01-26	34	5
2011-01-27	34	7
2011-01-28	27	12
2011-01-29	34	9
2011-01-30	22	4
2011-01-31	39	3
2011-02-01	29	16
2011-02-02	28	10
2011-02-03	31	9
2011-02-04	32	9
2011-02-05	28	0
2011-02-06	27	4
2011-02-07	39	2
2011-02-08	31	6
2011-02-09	40	4
2011-02-10	37	12
2011-02-11	38	13
2011-02-12	23	8
2011-02-13	27	5
2011-02-14	32	5
2011-02-15	28	4
2011-02-16	30	5
2011-02-17	32	7
2011-02-18	24	4
2011-02-19	27	6
2011-02-20	24	13
2011-02-21	36	8
2011-02-22	31	9
2011-02-23	34	6
2011-02-24	40	8
2011-02-25	32	10
2011-02-26	30	4
2011-02-27	20	3
2011-02-28	36	10
2011-03-01	37	16
2011-03-02	50	6
2011-03-03	44	6
2011-03-04	29	3
2011-03-05	30	3
2011-03-06	15	8
2011-03-07	31	8
2011-03-08	36	17
2011-03-09	44	1
2011-03-10	33	2
2011-03-11	26	4
2011-03-12	25	3
2011-03-13	25	2
2011-03-14	26	5
2011-03-15	28	1
2011-03-16	34	11
2011-03-17	26	7
2011-03-18	39	7
2011-03-19	20	1
2011-03-20	40	3
2011-03-21	38	3
2011-03-22	25	3
2011-03-23	37	9
2011-03-24	34	1
2011-03-25	48	11
2011-03-26	23	5
2011-03-27	22	5
2011-03-28	40	4
2011-03-29	37	12
2011-03-30	37	6
2011-03-31	32	7
2011-04-01	33	2
2011-04-02	30	2
2011-04-03	31	11
2011-04-04	59	4
2011-04-05	43	2
2011-04-06	41	9
2011-04-07	30	6
2011-04-08	46	11
2011-04-09	30	5
2011-04-10	36	2
2011-04-11	40	1
2011-04-12	37	6
2011-04-13	35	11
2011-04-14	47	10
2011-04-15	47	2
2011-04-16	25	4
2011-04-17	31	2
2011-04-18	46	5
2011-04-19	48	9
2011-04-20	42	4
2011-04-21	45	10
2011-04-22	56	7
2011-04-23	36	8
2011-04-24	28	2
2011-04-25	38	13
2011-04-26	44	5
2011-04-27	43	0
2011-04-28	30	5
2011-04-29	33	1
2011-04-30	40	2
2011-05-01	29	5
2011-05-02	38	3
2011-05-03	48	4
2011-05-04	43	6
2011-05-05	44	5
2011-05-06	31	0
2011-05-07	19	11
2011-05-08	28	1
2011-05-09	36	6
2011-05-10	38	4
2011-05-11	26	4
2011-05-12	38	1
2011-05-13	31	5
2011-05-14	28	9
2011-05-15	37	3
2011-05-16	35	2
2011-05-17	47	2
2011-05-18	29	2
2011-05-19	31	28
2011-05-20	32	4
2011-05-21	38	0
2011-05-22	23	7
2011-05-23	37	3
2011-05-24	44	2
2011-05-25	32	0
2011-05-26	35	4
2011-05-27	37	2
2011-05-28	17	25
2011-05-29	20	3
2011-05-30	32	2
2011-05-31	42	6
2011-06-01	40	5
2011-06-02	39	4
2011-06-03	26	6
2011-06-04	24	3
2011-06-05	16	2
2011-06-06	33	4
2011-06-07	36	0
2011-06-08	22	5
2011-06-09	40	5
2011-06-10	31	5
2011-06-11	17	2
2011-06-12	23	2
2011-06-13	52	19
2011-06-14	38	2
2011-06-15	25	4
2011-06-16	31	2
2011-06-17	27	2
2011-06-18	19	0
2011-06-19	19	2
2011-06-20	34	9
2011-06-21	44	4
2011-06-22	42	2
2011-06-23	53	2
2011-06-24	35	2
2011-06-25	26	1
2011-06-26	32	5
2011-06-27	61	2
2011-06-28	46	3
2011-06-29	33	8
2011-06-30	51	4
2011-07-01	35	2
2011-07-02	23	0
2011-07-03	31	1
2011-07-04	39	0
2011-07-05	46	0
2011-07-06	40	4
2011-07-07	41	7
2011-07-08	44	7
2011-07-09	34	8
2011-07-10	30	6
2011-07-11	44	6
2011-07-12	51	10
2011-07-13	41	26
2011-07-14	31	6
2011-07-15	24	2
2011-07-16	29	1
2011-07-17	38	5
2011-07-18	52	2
2011-07-19	37	3
2011-07-20	34	9
2011-07-21	39	3
2011-07-22	38	6
2011-07-23	36	13
2011-07-24	20	19
2011-07-25	38	10
2011-07-26	49	5
2011-07-27	38	4
2011-07-28	48	8
2011-07-29	42	10
2011-07-30	28	3
2011-07-31	26	0
2011-08-01	49	6
2011-08-02	39	4
2011-08-03	50	7
2011-08-04	54	0
2011-08-05	51	4
2011-08-06	21	6
2011-08-07	35	9
2011-08-08	37	5
2011-08-09	28	2
2011-08-10	54	6
2011-08-11	42	1
2011-08-12	33	10
2011-08-13	48	3
2011-08-14	35	2
2011-08-15	52	3
2011-08-16	52	5
2011-08-17	33	14
2011-08-18	37	3
2011-08-19	39	2
2011-08-20	35	9
2011-08-21	40	6
2011-08-22	47	5
2011-08-23	50	10
2011-08-24	38	5
2011-08-25	36	1
2011-08-26	30	6
2011-08-27	30	7
2011-08-28	38	1
2011-08-29	52	6
2011-08-30	58	6
2011-08-31	42	4
2011-09-01	43	2
2011-09-02	56	3
2011-09-03	32	2
2011-09-04	45	7
2011-09-05	64	3
2011-09-06	52	4
2011-09-07	56	3
2011-09-08	55	0
2011-09-09	33	11
2011-09-10	36	2
2011-09-11	29	4
2011-09-12	42	3
2011-09-13	40	5
2011-09-14	47	1
2011-09-15	35	4
2011-09-16	43	1
2011-09-17	29	1
2011-09-18	31	2
2011-09-19	41	1
2011-09-20	59	2
2011-09-21	39	9
2011-09-22	57	17
2011-09-23	61	5
2011-09-24	37	4
2011-09-25	43	9
2011-09-26	37	3
2011-09-27	51	29
2011-09-28	47	3
2011-09-29	48	9
2011-09-30	38	15
2011-10-01	37	5
2011-10-02	30	5
2011-10-03	57	10
2011-10-04	33	3
2011-10-05	34	8
2011-10-06	26	5
2011-10-07	16	9
2011-10-08	13	11
2011-10-09	20	11
2011-10-10	19	9
2011-10-11	15	13
2011-10-12	17	11
2011-10-13	11	12
2011-10-14	15	6
2011-10-15	18	6
2011-10-16	15	14
2011-10-17	22	9
2011-10-18	12	15
2011-10-19	16	23
2011-10-20	17	17
2011-10-21	50	24
2011-10-22	15	61
2011-10-23	16	7
2011-10-24	18	8
2011-10-25	32	8
2011-10-26	30	46
2011-10-27	30	25
2011-10-28	21	10
2011-10-29	17	11
2011-10-30	14	6
2011-10-31	33	4
2011-11-01	25	10
2011-11-02	42	18
2011-11-03	33	8
2011-11-04	43	4
2011-11-05	35	10
2011-11-06	20	19
2011-11-07	49	16
2011-11-08	57	7
2011-11-09	52	16
2011-11-10	34	12
2011-11-11	15	11
2011-11-12	11	32
2011-11-13	18	41
2011-11-14	23	11
2011-11-15	31	26
2011-11-16	27	8
2011-11-17	18	7
2011-11-18	39	6
2011-11-19	10	8
2011-11-20	16	26
2011-11-21	28	20
2011-11-22	31	41
2011-11-23	32	123
2011-11-24	22	28
2011-11-25	23	22
2011-11-26	18	25
2011-11-27	15	21
2011-11-28	28	6
2011-11-29	22	5
2011-11-30	26	22
2011-12-01	16	7
2011-12-02	31	3
2011-12-03	13	11
2011-12-04	18	12
2011-12-05	45	9
2011-12-06	26	35
2011-12-07	15	50
2011-12-08	48	15
2011-12-09	17	16
2011-12-10	31	15
2011-12-11	23	33
2011-12-12	20	23
2011-12-13	31	10
2011-12-14	27	15
2011-12-15	23	24
2011-12-16	17	39
2011-12-17	26	16
2011-12-18	22	12
2011-12-19	21	32
2011-12-20	19	106
2011-12-21	16	14
2011-12-22	19	13
2011-12-23	16	38
2011-12-24	13	27
2011-12-25	8	6
2011-12-26	8	21
2011-12-27	13	17
2011-12-28	19	15
2011-12-29	24	19
2011-12-30	20	23
2011-12-31	14	22
2012-01-01	18	9
2012-01-02	22	18
2012-01-03	20	15
2012-01-04	26	30
2012-01-05	16	26
2012-01-06	15	42
2012-01-07	34	32
2012-01-08	19	19
2012-01-09	24	14
2012-01-10	11	10
2012-01-11	21	21
2012-01-12	34	31
2012-01-13	20	21
2012-01-14	25	57
2012-01-15	13	28
2012-01-16	26	21
2012-01-17	15	17
2012-01-18	3	44
2012-01-19	21	9
2012-01-20	15	11
2012-01-21	16	12
2012-01-22	21	13
2012-01-23	22	14
2012-01-24	25	23
2012-01-25	18	14
2012-01-26	18	13
2012-01-27	16	20
2012-01-28	18	16
2012-01-29	10	26
2012-01-30	12	24
2012-01-31	26	19
2012-02-01	26	63
2012-02-02	12	113
2012-02-03	14	30
2012-02-04	18	26
2012-02-05	20	11
2012-02-06	13	14
2012-02-07	14	27
2012-02-08	34	5
2012-02-09	34	14
2012-02-10	18	23
2012-02-11	18	46
2012-02-12	14	16
2012-02-13	13	36
2012-02-14	20	19
2012-02-15	14	48
2012-02-16	16	23
2012-02-17	21	26
2012-02-18	14	12
2012-02-19	21	32
2012-02-20	21	20
2012-02-21	24	14
2012-02-22	19	14
2012-02-23	20	12
2012-02-24	29	17
2012-02-25	26	26
2012-02-26	14	21
2012-02-27	15	15
2012-02-28	25	15
2012-02-29	31	9
2012-03-01	24	20
2012-03-02	15	14
2012-03-03	19	20
2012-03-04	15	28
2012-03-05	17	13
2012-03-06	9	5
2012-03-07	19	30
2012-03-08	22	12
2012-03-09	15	30
2012-03-10	20	37
2012-03-11	14	15
2012-03-12	17	39
2012-03-13	13	27
2012-03-14	16	14
2012-03-15	16	4
2012-03-16	17	7
2012-03-17	14	18
2012-03-18	23	50
2012-03-19	12	27
2012-03-20	25	29
2012-03-21	14	18
2012-03-22	39	17
2012-03-23	20	29
2012-03-24	13	12
2012-03-25	20	12
2012-03-26	26	16
2012-03-27	23	17
2012-03-28	15	22
2012-03-29	13	29
2012-03-30	11	9
2012-03-31	13	8
2012-04-01	16	10
2012-04-02	19	15
2012-04-03	13	11
2012-04-04	22	5
2012-04-05	11	8
2012-04-06	35	16
2012-04-07	16	19
2012-04-08	15	16
2012-04-09	13	10
2012-04-10	14	9
2012-04-11	16	10
2012-04-12	15	19
2012-04-13	18	5
2012-04-14	14	15
2012-04-15	17	16
2012-04-16	15	24
2012-04-17	23	20
2012-04-18	43	17
2012-04-19	16	16
2012-04-20	28	11
2012-04-21	20	8
2012-04-22	10	16
2012-04-23	27	15
2012-04-24	27	21
2012-04-25	17	25
2012-04-26	20	39
2012-04-27	16	45
2012-04-28	11	17
2012-04-29	11	22
2012-04-30	18	12
2012-05-01	27	12
2012-05-02	56	24
2012-05-03	16	19
2012-05-04	28	28
2012-05-05	30	45
2012-05-06	12	14
2012-05-07	22	9
2012-05-08	19	14
2012-05-09	21	11
2012-05-10	28	8
2012-05-11	26	19
2012-05-12	12	10
2012-05-13	16	33
2012-05-14	12	30
2012-05-15	16	24
2012-05-16	31	18
2012-05-17	27	23
2012-05-18	23	11
2012-05-19	22	26
2012-05-20	16	5
2012-05-21	21	20
2012-05-22	26	16
2012-05-23	21	23
2012-05-24	23	18
2012-05-25	21	7
2012-05-26	10	55
2012-05-27	12	12
2012-05-28	16	22
2012-05-29	17	44
2012-05-30	21	11
2012-05-31	19	17
2012-06-01	15	7
2012-06-02	15	17
2012-06-03	9	11
2012-06-04	25	9
2012-06-05	13	9
2012-06-06	28	13
2012-06-07	23	21
2012-06-08	30	10
2012-06-09	11	8
2012-06-10	18	24
2012-06-11	15	23
2012-06-12	14	18
2012-06-13	14	16
2012-06-14	19	22
2012-06-15	15	34
2012-06-16	16	8
2012-06-17	13	10
2012-06-18	17	22
2012-06-19	16	23
2012-06-20	14	41
2012-06-21	21	26
2012-06-22	15	15
2012-06-23	16	13
2012-06-24	12	9
2012-06-25	18	16
2012-06-26	18	48
2012-06-27	20	14
2012-06-28	16	9
2012-06-29	15	19
2012-06-30	19	12
2012-07-01	17	41
2012-07-02	15	23
2012-07-03	23	19
2012-07-04	23	24
2012-07-05	20	22
2012-07-06	25	26
2012-07-07	10	2
2012-07-08	24	11
2012-07-09	24	17
2012-07-10	23	14
2012-07-11	21	27
2012-07-12	14	17
2012-07-13	27	32
2012-07-14	24	34
2012-07-15	23	7
2012-07-16	33	13
2012-07-17	19	16
2012-07-18	21	10
2012-07-19	17	22
2012-07-20	20	16
2012-07-21	13	25
2012-07-22	15	28
2012-07-23	18	22
2012-07-24	21	30
2012-07-25	21	31
2012-07-26	33	19
2012-07-27	15	22
2012-07-28	17	15
2012-07-29	10	15
2012-07-30	12	19
2012-07-31	19	28
2012-08-01	23	9
2012-08-02	12	25
2012-08-03	23	9
2012-08-04	13	19
2012-08-05	8	26
2012-08-06	19	12
2012-08-07	15	17
2012-08-08	24	27
2012-08-09	24	21
2012-08-10	15	19
2012-08-11	8	27
2012-08-12	14	17
2012-08-13	26	33
2012-08-14	26	17
2012-08-15	21	23
2012-08-16	19	14
2012-08-17	19	26
2012-08-18	8	45
2012-08-19	17	65
2012-08-20	27	30
2012-08-21	61	6
2012-08-22	27	24
2012-08-23	14	8
2012-08-24	17	3
2012-08-25	18	17
2012-08-26	13	25
2012-08-27	14	26
2012-08-28	22	15
2012-08-29	18	24
2012-08-30	77	25
2012-08-31	16	16
2012-09-01	14	9
2012-09-02	8	3
2012-09-03	17	16
2012-09-04	13	16
2012-09-05	15	16
2012-09-06	10	20
2012-09-07	16	13
2012-09-08	18	26
2012-09-09	10	9
2012-09-10	10	18
2012-09-11	16	21
2012-09-12	6	19
2012-09-13	9	9
2012-09-14	13	16
2012-09-15	7	18
2012-09-16	21	10
2012-09-17	10	12
2012-09-18	14	20
2012-09-19	10	18
2012-09-20	16	28
2012-09-21	17	22
2012-09-22	11	12
2012-09-23	10	39
2012-09-24	16	27
2012-09-25	9	21
2012-09-26	16	17
2012-09-27	11	14
2012-09-28	15	11
2012-09-29	16	15
2012-09-30	18	44
2012-10-01	15	4
2012-10-02	19	19
2012-10-03	14	12
2012-10-04	13	14
2012-10-05	8	15
2012-10-06	13	18
2012-10-07	15	12
2012-10-08	9	19
2012-10-09	15	54
2012-10-10	16	18
2012-10-11	16	21
2012-10-12	15	19
2012-10-13	25	26
2012-10-14	14	23
2012-10-15	12	36
2012-10-16	11	16
2012-10-17	8	9
2012-10-18	13	13
2012-10-19	20	15
2012-10-20	11	18
2012-10-21	15	11
2012-10-22	16	47
2012-10-23	19	37
2012-10-24	14	10
2012-10-25	21	35
2012-10-26	14	37
2012-10-27	12	46
2012-10-28	18	71
2012-10-29	23	55
2012-10-30	20	44
2012-10-31	13	29
2012-11-01	13	31
2012-11-02	13	16
2012-11-03	24	5
2012-11-04	19	4
2012-11-05	13	41
2012-11-06	15	32
2012-11-07	14	13
2012-11-08	26	20
2012-11-09	14	22
2012-11-10	25	12
2012-11-11	15	18
2012-11-12	7	36
2012-11-13	21	12
2012-11-14	9	15
2012-11-15	10	16
2012-11-16	9	18
2012-11-17	11	6
2012-11-18	13	13
2012-11-19	14	29
2012-11-20	19	16
2012-11-21	26	7
2012-11-22	16	12
2012-11-23	12	16
2012-11-24	11	8
2012-11-25	16	12
2012-11-26	15	21
2012-11-27	23	17
2012-11-28	13	24
2012-11-29	17	21
2012-11-30	13	29
2012-12-01	15	21
2012-12-02	8	13
2012-12-03	16	19
2012-12-04	17	13
2012-12-05	15	23
2012-12-06	9	22
2012-12-07	21	13
2012-12-08	13	16
2012-12-09	12	13
2012-12-10	16	14
2012-12-11	18	26
2012-12-12	27	7
2012-12-13	14	61
2012-12-14	13	19
2012-12-15	13	35
2012-12-16	12	13
2012-12-17	11	16
2012-12-18	12	29
2012-12-19	19	15
2012-12-20	13	27
2012-12-21	10	21
2012-12-22	10	19
2012-12-23	11	34
2012-12-24	18	48
2012-12-25	7	24
2012-12-26	9	30
2012-12-27	15	19
2012-12-28	18	33
2012-12-29	16	10
2012-12-30	13	14
2012-12-31	17	13
2013-01-01	25	32
2013-01-02	19	22
2013-01-03	18	12
2013-01-04	22	28
2013-01-05	12	32
2013-01-06	19	54
2013-01-07	15	51
2013-01-08	13	33
2013-01-09	12	46
2013-01-10	27	54
2013-01-11	6	29
2013-01-12	17	35
2013-01-13	17	25
2013-01-14	17	13
2013-01-15	12	16
2013-01-16	7	27
2013-01-17	16	8
2013-01-18	18	15
2013-01-19	17	29
2013-01-20	9	12
2013-01-21	15	10
2013-01-22	12	6
2013-01-23	15	10
2013-01-24	13	13
2013-01-25	29	13
2013-01-26	21	10
2013-01-27	13	1
2013-01-28	18	14
2013-01-29	16	26
2013-01-30	18	49
2013-01-31	13	25
2013-02-01	12	9
2013-02-02	15	15
2013-02-03	12	8
2013-02-04	10	15
2013-02-05	13	6
2013-02-06	15	9
2013-02-07	11	15
2013-02-08	22	9
2013-02-09	13	11
2013-02-10	15	10
2013-02-11	10	15
2013-02-12	19	10
2013-02-13	14	19
2013-02-14	25	12
2013-02-15	20	10
2013-02-16	22	9
2013-02-17	13	8
2013-02-18	15	25
2013-02-19	12	16
2013-02-20	20	20
2013-02-21	17	18
2013-02-22	19	17
2013-02-23	15	4
2013-02-24	20	15
2013-02-25	7	17
2013-02-26	11	14
2013-02-27	15	24
2013-02-28	15	4
2013-03-01	11	17
2013-03-02	9	44
2013-03-03	24	24
2013-03-04	20	12
2013-03-05	21	18
2013-03-06	13	19
2013-03-07	10	30
2013-03-08	19	8
2013-03-09	14	13
2013-03-10	12	11
2013-03-11	19	32
2013-03-12	12	11
2013-03-13	16	10
2013-03-14	10	18
2013-03-15	17	24
2013-03-16	20	22
2013-03-17	12	29
2013-03-18	13	18
2013-03-19	15	11
2013-03-20	11	18
2013-03-21	11	23
2013-03-22	24	20
2013-03-23	18	17
2013-03-24	10	29
2013-03-25	8	31
2013-03-26	13	17
2013-03-27	17	21
2013-03-28	15	20
2013-03-29	19	26
2013-03-30	25	21
2013-03-31	17	35
2013-04-01	6	32
2013-04-02	15	26
2013-04-03	13	24
2013-04-04	15	29
2013-04-05	14	28
2013-04-06	10	25
2013-04-07	18	25
2013-04-08	13	20
2013-04-09	13	18
2013-04-10	13	22
2013-04-11	16	28
2013-04-12	18	18
2013-04-13	23	28
2013-04-14	15	50
2013-04-15	19	21
2013-04-16	13	46
2013-04-17	21	33
2013-04-18	8	41
2013-04-19	18	36
2013-04-20	13	47
2013-04-21	14	36
2013-04-22	12	33
2013-04-23	22	32
2013-04-24	10	35
2013-04-25	8	37
2013-04-26	9	16
2013-04-27	7	18
2013-04-28	10	13
2013-04-29	8	32
2013-04-30	16	33
2013-05-01	27	36
2013-05-02	20	13
2013-05-03	21	29
2013-05-04	23	18
2013-05-05	15	21
2013-05-06	19	20
2013-05-07	26	35
2013-05-08	20	26
2013-05-09	16	38
2013-05-10	18	30
2013-05-11	7	17
2013-05-12	14	50
2013-05-13	25	47
2013-05-14	14	35
2013-05-15	18	41
2013-05-16	30	38
2013-05-17	9	36
2013-05-18	8	35
2013-05-19	19	49
2013-05-20	12	38
2013-05-21	12	38
2013-05-22	16	32
2013-05-23	8	22
2013-05-24	34	32
2013-05-25	13	6
2013-05-26	20	19
2013-05-27	11	21
2013-05-28	15	46
2013-05-29	19	60
2013-05-30	16	19
2013-05-31	20	18
2013-06-01	10	53
2013-06-02	11	18
2013-06-03	14	24
2013-06-04	19	32
2013-06-05	24	17
2013-06-06	14	25
2013-06-07	12	41
2013-06-08	24	52
2013-06-09	28	31
2013-06-10	6	53
2013-06-11	23	22
2013-06-12	20	25
2013-06-13	26	46
2013-06-14	23	40
2013-06-15	29	47
2013-06-16	27	63
2013-06-17	14	27
2013-06-18	16	16
2013-06-19	19	26
2013-06-20	15	40
2013-06-21	15	38
2013-06-22	18	48
2013-06-23	34	29
2013-06-24	20	23
2013-06-25	14	22
2013-06-26	21	24
2013-06-27	15	37
2013-06-28	17	12
2013-06-29	28	25
2013-06-30	20	19
2013-07-01	17	52
2013-07-02	28	70
2013-07-03	13	36
2013-07-04	4	48
2013-07-05	16	37
2013-07-06	14	73
2013-07-07	15	49
2013-07-08	17	42
2013-07-09	17	40
2013-07-10	19	34
2013-07-11	13	23
2013-07-12	18	37
2013-07-13	15	33
2013-07-14	12	14
2013-07-15	17	25
2013-07-16	18	28
2013-07-17	11	27
2013-07-18	10	39
2013-07-19	9	28
2013-07-20	13	22
2013-07-21	22	26
2013-07-22	30	17
2013-07-23	12	35
2013-07-24	11	23
2013-07-25	18	19
2013-07-26	13	33
2013-07-27	11	21
2013-07-28	9	27
2013-07-29	35	29
2013-07-30	12	34
2013-07-31	23	20
2013-08-01	12	12
2013-08-02	16	16
2013-08-03	20	16
2013-08-04	17	23
2013-08-05	17	13
2013-08-06	23	21
2013-08-07	33	18
2013-08-08	21	24
2013-08-09	19	27
2013-08-10	10	12
2013-08-11	17	18
2013-08-12	32	20
2013-08-13	19	22
2013-08-14	24	35
2013-08-15	21	51
2013-08-16	22	30
2013-08-17	14	15
2013-08-18	8	10
2013-08-19	15	20
2013-08-20	17	42
2013-08-21	24	20
2013-08-22	17	29
2013-08-23	12	11
2013-08-24	18	8
2013-08-25	20	40
2013-08-26	15	21
2013-08-27	11	23
2013-08-28	12	8
2013-08-29	14	21
2013-08-30	14	21
2013-08-31	15	5
2013-09-01	11	10
2013-09-02	17	20
2013-09-03	16	28
2013-09-04	9	14
2013-09-05	13	20
2013-09-06	5	22
2013-09-07	14	24
2013-09-08	18	11
2013-09-09	12	6
2013-09-10	21	12
2013-09-11	12	14
2013-09-12	17	17
2013-09-13	17	13
2013-09-14	18	26
2013-09-15	13	30
2013-09-16	16	19
2013-09-17	14	32
2013-09-18	19	25
2013-09-19	20	16
2013-09-20	10	17
2013-09-21	15	24
2013-09-22	20	19
2013-09-23	16	22
2013-09-24	15	26
2013-09-25	22	24
2013-09-26	13	12
2013-09-27	17	15
2013-09-28	12	8
2013-09-29	14	14
2013-09-30	12	29
2013-10-01	6	38
2013-10-02	13	20
2013-10-03	12	20
2013-10-04	18	30
2013-10-05	15	20
2013-10-06	14	36
2013-10-07	12	22
2013-10-08	18	33
2013-10-09	11	24
2013-10-10	8	17
2013-10-11	16	20
2013-10-12	13	5
2013-10-13	13	15
2013-10-14	9	27
2013-10-15	15	18
2013-10-16	9	15
2013-10-17	28	11
2013-10-18	10	13
2013-10-19	16	4
2013-10-20	20	11
2013-10-21	9	7
2013-10-22	14	15
2013-10-23	14	7
2013-10-24	13	16
2013-10-25	7	9
2013-10-26	7	9
2013-10-27	13	9
2013-10-28	32	20
2013-10-29	13	23
2013-10-30	15	12
2013-10-31	13	22
2013-11-01	17	44
2013-11-02	14	8
2013-11-03	21	17
2013-11-04	17	24
2013-11-05	24	7
2013-11-06	9	29
2013-11-07	11	14
2013-11-08	12	27
2013-11-09	21	9
2013-11-10	11	9
2013-11-11	13	34
2013-11-12	16	28
2013-11-13	22	23
2013-11-14	19	23
2013-11-15	12	16
2013-11-16	17	22
2013-11-17	21	14
2013-11-18	40	65
2013-11-19	25	38
2013-11-20	13	47
2013-11-21	20	82
2013-11-22	15	53
2013-11-23	18	30
2013-11-24	19	23
2013-11-25	22	33
2013-11-26	18	19
2013-11-27	18	23
2013-11-28	9	19
2013-11-29	16	12
2013-11-30	8	14
2013-12-01	23	29
2013-12-02	27	13
2013-12-03	27	13
2013-12-04	17	25
2013-12-05	19	14
2013-12-06	19	30
2013-12-07	12	18
2013-12-08	22	26
2013-12-09	17	34
2013-12-10	11	27
2013-12-11	13	50
2013-12-12	15	21
2013-12-13	8	42
2013-12-14	11	24
2013-12-15	19	21
2013-12-16	13	60
2013-12-17	13	51
2013-12-18	16	43
2013-12-19	15	31
2013-12-20	16	23
2013-12-21	11	21
2013-12-22	10	36
2013-12-23	23	23
2013-12-24	18	25
2013-12-25	10	16
2013-12-26	24	27
2013-12-27	8	56
2013-12-28	14	43
2013-12-29	12	37
2013-12-30	11	35
2013-12-31	18	23
2014-01-01	17	19
2014-01-02	26	14
2014-01-03	30	34
2014-01-04	26	27
2014-01-05	29	43
2014-01-06	13	15
2014-01-07	17	35
2014-01-08	15	21
2014-01-09	26	23
2014-01-10	16	33
2014-01-11	12	25
2014-01-12	11	33
2014-01-13	18	43
2014-01-14	21	42
2014-01-15	21	26
2014-01-16	18	21
2014-01-17	13	30
2014-01-18	19	19
2014-01-19	14	17
2014-01-20	9	26
2014-01-21	15	33
2014-01-22	16	34
2014-01-23	16	34
2014-01-24	13	30
2014-01-25	12	21
2014-01-26	17	32
2014-01-27	22	24
2014-01-28	16	21
2014-01-29	13	24
2014-01-30	15	19
2014-01-31	15	18
2014-02-01	34	36
2014-02-02	26	17
2014-02-03	12	24
2014-02-04	17	27
2014-02-05	22	13
2014-02-06	19	14
2014-02-07	16	16
2014-02-08	14	15
2014-02-09	16	32
2014-02-10	14	23
2014-02-11	17	24
2014-02-12	11	21
2014-02-13	18	28
2014-02-14	16	10
2014-02-15	12	8
2014-02-16	13	8
2014-02-17	15	12
2014-02-18	9	12
2014-02-19	10	8
2014-02-20	13	13
2014-02-21	13	10
2014-02-22	17	11
2014-02-23	9	8
2014-02-24	10	15
2014-02-25	10	17
2014-02-26	13	27
2014-02-27	12	16
2014-02-28	17	24
2014-03-01	21	31
2014-03-02	22	36
2014-03-03	18	51
2014-03-04	25	68
2014-03-05	29	53
2014-03-06	26	53
2014-03-07	14	40
2014-03-08	26	22
2014-03-09	16	27
2014-03-10	23	44
2014-03-11	22	22
2014-03-12	33	17
2014-03-13	23	23
2014-03-14	28	33
2014-03-15	16	20
2014-03-16	60	13
2014-03-17	28	28
2014-03-18	21	33
2014-03-19	55	20
2014-03-20	18	30
2014-03-21	12	19
2014-03-22	7	13
2014-03-23	8	32
2014-03-24	16	69
2014-03-25	19	67
2014-03-26	31	35
2014-03-27	20	38
2014-03-28	12	31
2014-03-29	11	12
2014-03-30	12	19
2014-03-31	21	43
2014-04-01	13	9
2014-04-02	20	11
2014-04-03	14	9
2014-04-04	14	10
2014-04-05	21	6
2014-04-06	14	10
2014-04-07	23	12
2014-04-08	18	11
2014-04-09	17	18
2014-04-10	15	12
2014-04-11	15	9
2014-04-12	13	11
2014-04-13	16	8
2014-04-14	18	22
2014-04-15	17	7
2014-04-16	24	12
2014-04-17	21	10
2014-04-18	15	18
2014-04-19	14	7
2014-04-20	23	11
2014-04-21	21	11
2014-04-22	19	12
2014-04-23	16	11
2014-04-24	12	18
2014-04-25	26	5
2014-04-26	17	16
2014-04-27	15	17
2014-04-28	12	9
2014-04-29	18	10
2014-04-30	25	12
2014-05-01	16	12
2014-05-02	9	48
2014-05-03	17	38
2014-05-04	19	27
2014-05-05	22	31
2014-05-06	33	26
2014-05-07	33	32
2014-05-08	20	44
2014-05-09	16	52
2014-05-10	27	29
2014-05-11	11	38
2014-05-12	15	18
2014-05-13	15	27
2014-05-14	18	15
2014-05-15	14	16
2014-05-16	10	28
2014-05-17	6	26
2014-05-18	11	26
2014-05-19	15	20
2014-05-20	13	43
2014-05-21	11	28
2014-05-22	10	33
2014-05-23	18	23
2014-05-24	16	26
2014-05-25	16	34
2014-05-26	16	18
2014-05-27	20	24
2014-05-28	13	29
2014-05-29	15	34
2014-05-30	20	35
2014-05-31	13	33
2014-06-01	16	65
2014-06-02	21	57
2014-06-03	18	84
2014-06-04	23	60
2014-06-05	11	60
2014-06-06	14	67
2014-06-07	10	57
2014-06-08	16	54
2014-06-09	11	46
2014-06-10	20	63
2014-06-11	19	52
2014-06-12	32	47
2014-06-13	13	44
2014-06-14	18	26
2014-06-15	15	23
2014-06-16	19	37
2014-06-17	23	19
2014-06-18	17	43
2014-06-19	20	24
2014-06-20	18	15
2014-06-21	10	20
2014-06-22	14	22
2014-06-23	23	40
2014-06-24	23	17
2014-06-25	14	29
2014-06-26	19	35
2014-06-27	13	10
2014-06-28	11	24
2014-06-29	17	23
2014-06-30	21	51
2014-07-01	25	38
2014-07-02	19	18
2014-07-03	7	27
2014-07-04	14	14
2014-07-05	20	9
2014-07-06	19	18
2014-07-07	6	17
2014-07-08	14	14
2014-07-09	37	15
2014-07-10	15	20
2014-07-11	15	14
2014-07-12	22	21
2014-07-13	10	18
2014-07-14	20	24
2014-07-15	22	25
2014-07-16	17	13
2014-07-17	16	13
2014-07-18	22	16
2014-07-19	6	12
2014-07-20	13	17
2014-07-21	20	16
2014-07-22	13	10
2014-07-23	22	23
2014-07-24	23	15
2014-07-25	23	17
2014-07-26	15	15
2014-07-27	9	26
2014-07-28	25	9
2014-07-29	18	24
2014-07-30	16	12
2014-07-31	22	22
2014-08-01	20	15
2014-08-02	12	21
2014-08-03	13	28
2014-08-04	14	15
2014-08-05	16	16
2014-08-06	16	20
2014-08-07	18	14
2014-08-08	14	20
2014-08-09	14	14
2014-08-10	14	19
2014-08-11	21	19
2014-08-12	17	22
2014-08-13	20	18
2014-08-14	21	33
2014-08-15	11	38
2014-08-16	14	45
2014-08-17	18	14
2014-08-18	18	14
2014-08-19	16	4
2014-08-20	13	11
2014-08-21	23	9
2014-08-22	16	18
2014-08-23	11	30
2014-08-24	16	11
2014-08-25	23	26
2014-08-26	25	13
2014-08-27	9	23
2014-08-28	15	37
2014-08-29	17	20
2014-08-30	23	12
2014-08-31	19	15
2014-09-01	20	15
2014-09-02	18	29
2014-09-03	15	15
2014-09-04	19	37
2014-09-05	19	76
2014-09-06	8	25
2014-09-07	10	20
2014-09-08	15	22
2014-09-09	25	24
2014-09-10	21	76
2014-09-11	14	23
2014-09-12	16	21
2014-09-13	11	24
2014-09-14	16	23
2014-09-15	20	13
2014-09-16	14	22
2014-09-17	28	17
2014-09-18	19	30
2014-09-19	12	23
2014-09-20	16	22
2014-09-21	13	46
2014-09-22	17	37
2014-09-23	14	21
2014-09-24	12	8
2014-09-25	17	26
2014-09-26	16	31
2014-09-27	15	18
2014-09-28	12	27
2014-09-29	16	20
2014-09-30	20	26
2014-10-01	19	13
2014-10-02	18	22
2014-10-03	18	21
2014-10-04	9	14
2014-10-05	17	21
2014-10-06	15	59
2014-10-07	17	22
2014-10-08	18	30
2014-10-09	12	20
2014-10-10	13	22
2014-10-11	15	19
2014-10-12	10	19
2014-10-13	19	29
2014-10-14	16	24
2014-10-15	25	11
2014-10-16	28	35
2014-10-17	27	21
2014-10-18	22	20
2014-10-19	15	11
2014-10-20	12	25
2014-10-21	15	23
2014-10-22	21	21
2014-10-23	15	54
2014-10-24	13	61
2014-10-25	18	25
2014-10-26	20	46
2014-10-27	19	46
2014-10-28	20	22
2014-10-29	16	31
2014-10-30	28	27
2014-10-31	27	30
2014-11-01	18	28
2014-11-02	16	29
2014-11-03	27	36
2014-11-04	11	21
2014-11-05	10	13
2014-11-06	12	22
2014-11-07	11	27
2014-11-08	15	16
2014-11-09	9	38
2014-11-10	25	17
2014-11-11	25	26
2014-11-12	10	26
2014-11-13	15	22
2014-11-14	27	35
2014-11-15	16	57
2014-11-16	15	20
2014-11-17	23	23
2014-11-18	16	25
2014-11-19	13	35
2014-11-20	20	22
2014-11-21	15	33
2014-11-22	22	27
2014-11-23	17	33
2014-11-24	13	34
2014-11-25	14	19
2014-11-26	14	24
2014-11-27	8	24
2014-11-28	16	12
2014-11-29	15	17
2014-11-30	13	11
2014-12-01	16	14
2014-12-02	24	29
2014-12-03	29	30
2014-12-04	21	27
2014-12-05	16	20
2014-12-06	9	19
2014-12-07	6	26
2014-12-08	16	21
2014-12-09	24	24
2014-12-10	17	14
2014-12-11	21	9
2014-12-12	12	20
2014-12-13	19	24
2014-12-14	14	29
2014-12-15	21	29
2014-12-16	25	45
2014-12-17	25	23
2014-12-18	19	23
2014-12-19	15	21
2014-12-20	23	17
2014-12-21	19	13
2014-12-22	23	15
2014-12-23	25	17
2014-12-24	11	15
2014-12-25	22	20
2014-12-26	18	35
2014-12-27	21	18
2014-12-28	18	31
2014-12-29	10	33
2014-12-30	15	36
2014-12-31	14	41
2015-01-01	13	12
2015-01-02	18	28
2015-01-03	27	22
2015-01-04	13	24
2015-01-05	18	53
2015-01-06	12	18
2015-01-07	17	24
2015-01-08	14	44
2015-01-09	14	30
2015-01-10	26	63
2015-01-11	21	29
2015-01-12	18	49
2015-01-13	28	66
2015-01-14	15	23
2015-01-15	13	45
2015-01-16	14	39
2015-01-17	21	28
2015-01-18	24	27
2015-01-19	15	35
2015-01-20	24	40
2015-01-21	16	64
2015-01-22	25	21
2015-01-23	17	39
2015-01-24	16	34
2015-01-25	13	42
2015-01-26	23	33
2015-01-27	15	29
2015-01-28	12	64
2015-01-29	31	32
2015-01-30	23	57
2015-01-31	12	63
2015-02-01	21	32
2015-02-02	12	43
2015-02-03	24	18
2015-02-04	19	29
2015-02-05	16	24
2015-02-06	17	34
2015-02-07	23	9
2015-02-08	21	34
2015-02-09	20	22
2015-02-10	19	28
2015-02-11	18	35
2015-02-12	12	43
2015-02-13	20	20
2015-02-14	16	22
2015-02-15	21	25
2015-02-16	18	39
2015-02-17	25	32
2015-02-18	17	30
2015-02-19	22	37
2015-02-20	16	25
2015-02-21	17	29
2015-02-22	13	25
2015-02-23	22	27
2015-02-24	12	33
2015-02-25	23	36
2015-02-26	26	35
2015-02-27	12	19
2015-02-28	38	14
2015-03-01	59	10
2015-03-02	34	19
2015-03-03	23	19
2015-03-04	20	18
2015-03-05	29	35
2015-03-06	32	33
2015-03-07	40	43
2015-03-08	38	75
2015-03-09	35	43
2015-03-10	24	43
2015-03-11	31	35
2015-03-12	23	15
2015-03-13	35	14
2015-03-14	33	26
2015-03-15	28	20
2015-03-16	29	28
2015-03-17	27	19
2015-03-18	24	18
2015-03-19	17	37
2015-03-20	14	42
2015-03-21	13	23
2015-03-22	25	28
2015-03-23	21	24
2015-03-24	20	24
2015-03-25	21	27
2015-03-26	23	46
2015-03-27	32	35
2015-03-28	18	18
2015-03-29	17	19
2015-03-30	45	37
2015-03-31	47	49
2015-04-01	18	18
2015-04-02	18	28
2015-04-03	15	35
2015-04-04	18	22
2015-04-05	20	8
2015-04-06	17	31
2015-04-07	24	23
2015-04-08	29	19
2015-04-09	17	20
2015-04-10	16	12
2015-04-11	14	31
2015-04-12	21	22
2015-04-13	24	24
2015-04-14	17	29
2015-04-15	16	17
2015-04-16	18	22
2015-04-17	49	19
2015-04-18	12	12
2015-04-19	13	22
2015-04-20	26	32
2015-04-21	52	31
2015-04-22	16	18
2015-04-23	27	43
2015-04-24	20	13
2015-04-25	18	33
2015-04-26	17	16
2015-04-27	39	51
2015-04-28	19	26
2015-04-29	41	25
2015-04-30	27	16
2015-05-01	29	18
2015-05-02	17	9
2015-05-03	15	10
2015-05-04	24	22
2015-05-05	15	27
2015-05-06	22	32
2015-05-07	28	32
2015-05-08	25	35
2015-05-09	26	7
2015-05-10	4	21
2015-05-11	32	22
2015-05-12	19	17
2015-05-13	26	35
2015-05-14	30	42
2015-05-15	15	42
2015-05-16	17	26
2015-05-17	11	15
2015-05-18	15	14
2015-05-19	16	36
2015-05-20	15	33
2015-05-21	28	28
2015-05-22	25	31
2015-05-23	14	20
2015-05-24	7	22
2015-05-25	13	12
2015-05-26	15	37
2015-05-27	15	17
2015-05-28	19	33
2015-05-29	19	15
2015-05-30	13	6
2015-05-31	13	15
2015-06-01	21	40
2015-06-02	16	21
2015-06-03	23	16
2015-06-04	22	33
2015-06-05	16	13
2015-06-06	5	3
2015-06-07	7	7
2015-06-08	22	28
2015-06-09	15	18
2015-06-10	26	24
2015-06-11	15	19
2015-06-12	10	25
2015-06-13	11	10
2015-06-14	19	16
2015-06-15	16	34
2015-06-16	12	16
2015-06-17	20	16
2015-06-18	16	20
2015-06-19	9	27
2015-06-20	8	35
2015-06-21	8	12
2015-06-22	14	27
2015-06-23	15	16
2015-06-24	26	17
2015-06-25	14	60
2015-06-26	20	16
2015-06-27	15	21
2015-06-28	18	36
2015-06-29	11	21
2015-06-30	10	16
2015-07-01	31	13
2015-07-02	14	24
2015-07-03	22	22
2015-07-04	10	18
2015-07-05	14	41
2015-07-06	18	91
2015-07-07	18	73
2015-07-08	21	35
2015-07-09	19	41
2015-07-10	21	51
2015-07-11	16	16
2015-07-12	17	32
2015-07-13	20	48
2015-07-14	22	20
2015-07-15	27	13
2015-07-16	9	10
2015-07-17	36	14
2015-07-18	19	11
2015-07-19	12	16
2015-07-20	14	19
2015-07-21	20	46
2015-07-22	21	65
2015-07-23	28	32
2015-07-24	18	66
2015-07-25	21	22
2015-07-26	17	35
2015-07-27	15	48
2015-07-28	15	45
2015-07-29	14	38
2015-07-30	19	25
2015-07-31	12	46
2015-08-01	22	9
2015-08-02	15	18
2015-08-03	47	30
2015-08-04	13	41
2015-08-05	19	19
2015-08-06	13	17
2015-08-07	11	12
2015-08-08	10	20
2015-08-09	13	10
2015-08-10	19	32
2015-08-11	21	52
2015-08-12	14	38
2015-08-13	16	23
2015-08-14	13	23
2015-08-15	17	8
2015-08-16	13	13
2015-08-17	25	7
2015-08-18	28	29
2015-08-19	27	15
2015-08-20	15	22
2015-08-21	19	18
2015-08-22	27	12
2015-08-23	25	14
2015-08-24	21	10
2015-08-25	48	14
2015-08-26	23	11
2015-08-27	15	12
2015-08-28	14	9
2015-08-29	17	20
2015-08-30	14	16
2015-08-31	20	17
2015-09-01	7	20
2015-09-02	21	12
2015-09-03	23	28
2015-09-04	36	15
2015-09-05	19	13
2015-09-06	9	12
2015-09-07	11	15
2015-09-08	35	18
2015-09-09	28	12
2015-09-10	9	17
2015-09-11	23	9
2015-09-12	13	19
2015-09-13	17	11
2015-09-14	16	38
2015-09-15	16	38
2015-09-16	16	16
2015-09-17	15	18
2015-09-18	12	23
2015-09-19	12	18
2015-09-20	10	16
2015-09-21	32	24
2015-09-22	18	25
2015-09-23	16	23
2015-09-24	14	21
2015-09-25	16	19
2015-09-26	13	23
2015-09-27	18	23
2015-09-28	17	17
2015-09-29	21	19
2015-09-30	13	22
2015-10-01	13	22
2015-10-02	14	20
2015-10-03	17	23
2015-10-04	13	25
2015-10-05	25	11
2015-10-06	24	42
2015-10-07	29	23
2015-10-08	15	16
2015-10-09	18	13
2015-10-10	22	20
2015-10-11	16	26
2015-10-12	24	18
2015-10-13	36	26
2015-10-14	38	26
2015-10-15	44	11
2015-10-16	30	23
2015-10-17	22	26
2015-10-18	21	20
2015-10-19	18	26
2015-10-20	20	26
2015-10-21	25	26
2015-10-22	17	14
2015-10-23	23	17
2015-10-24	24	21
2015-10-25	14	15
2015-10-26	28	38
2015-10-27	27	27
2015-10-28	25	22
2015-10-29	17	16
2015-10-30	13	32
2015-10-31	17	64
2015-11-01	31	30
2015-11-02	35	32
2015-11-03	18	36
2015-11-04	22	28
2015-11-05	26	23
2015-11-06	23	15
2015-11-07	12	28
2015-11-08	33	14
2015-11-09	27	22
2015-11-10	22	14
2015-11-11	26	23
2015-11-12	17	23
2015-11-13	33	8
2015-11-14	14	13
2015-11-15	14	16
2015-11-16	23	20
2015-11-17	13	25
2015-11-18	27	20
2015-11-19	20	24
2015-11-20	25	15
2015-11-21	21	21
2015-11-22	14	17
2015-11-23	33	21
2015-11-24	30	19
2015-11-25	24	20
2015-11-26	20	10
2015-11-27	16	18
2015-11-28	13	15
2015-11-29	29	28
2015-11-30	31	18
2015-12-01	20	21
2015-12-02	25	29
2015-12-03	24	24
2015-12-04	21	24
2015-12-05	26	15
2015-12-06	26	21
2015-12-07	39	8
2015-12-08	38	35
2015-12-09	34	20
2015-12-10	16	14
2015-12-11	38	16
2015-12-12	20	21
2015-12-13	24	11
2015-12-14	32	22
2015-12-15	24	21
2015-12-16	24	22
2015-12-17	28	18
2015-12-18	21	27
2015-12-19	14	17
2015-12-20	15	31
2015-12-21	21	23
2015-12-22	27	28
2015-12-23	19	11
2015-12-24	7	20
2015-12-25	13	11
2015-12-26	10	28
2015-12-27	14	25
2015-12-28	20	15
2015-12-29	19	26
2015-12-30	21	13
2015-12-31	17	17
2016-01-01	14	15
2016-01-02	14	38
2016-01-03	15	25
2016-01-04	10	33
2016-01-05	16	15
2016-01-06	18	21
2016-01-07	16	29
2016-01-08	11	44
2016-01-09	11	34
2016-01-10	20	28
2016-01-11	18	24
2016-01-12	15	39
2016-01-13	14	21
2016-01-14	26	16
2016-01-15	22	16
2016-01-16	17	24
2016-01-17	13	20
2016-01-18	22	25
2016-01-19	27	27
2016-01-20	10	38
2016-01-21	21	16
2016-01-22	13	9
2016-01-23	12	13
2016-01-24	14	23
2016-01-25	20	26
2016-01-26	24	22
2016-01-27	11	24
2016-01-28	20	36
2016-01-29	15	12
2016-01-30	18	18
2016-01-31	11	17
2016-02-01	22	14
2016-02-02	17	29
2016-02-03	32	22
2016-02-04	21	27
2016-02-05	20	26
2016-02-06	12	34
2016-02-07	16	7
2016-02-08	18	27
2016-02-09	25	37
2016-02-10	13	30
2016-02-11	16	25
2016-02-12	17	21
2016-02-13	24	37
2016-02-14	31	14
2016-02-15	17	26
2016-02-16	25	20
2016-02-17	27	20
2016-02-18	25	20
2016-02-19	26	19
2016-02-20	20	13
2016-02-21	16	15
2016-02-22	23	24
2016-02-23	27	12
2016-02-24	27	22
2016-02-25	25	13
2016-02-26	33	20
2016-02-27	21	23
2016-02-28	17	17
2016-02-29	34	23
2016-03-01	27	23
2016-03-02	23	15
2016-03-03	16	30
2016-03-04	23	29
2016-03-05	32	57
2016-03-06	25	55
2016-03-07	24	29
2016-03-08	30	16
2016-03-09	77	23
2016-03-10	20	27
2016-03-11	49	11
2016-03-12	103	21
2016-03-13	36	15
2016-03-14	33	32
2016-03-15	89	23
2016-03-16	49	19
2016-03-17	44	13
2016-03-18	43	15
2016-03-19	38	46
2016-03-20	39	38
2016-03-21	13	21
2016-03-22	16	27
2016-03-23	30	22
2016-03-24	21	13
2016-03-25	24	31
2016-03-26	28	22
2016-03-27	17	14
2016-03-28	18	29
2016-03-29	27	32
2016-03-30	30	38
2016-03-31	20	30
2016-04-01	16	13
2016-04-02	18	10
2016-04-03	22	14
2016-04-04	12	28
2016-04-05	26	14
2016-04-06	20	25
2016-04-07	16	24
2016-04-08	19	25
2016-04-09	26	44
2016-04-10	27	38
2016-04-11	19	20
2016-04-12	39	21
2016-04-13	55	22
2016-04-14	24	21
2016-04-15	17	18
2016-04-16	19	29
2016-04-17	26	18
2016-04-18	17	22
2016-04-19	13	44
2016-04-20	21	20
2016-04-21	21	13
2016-04-22	14	16
2016-04-23	14	16
2016-04-24	18	17
2016-04-25	39	34
2016-04-26	23	27
2016-04-27	21	38
2016-04-28	26	35
2016-04-29	19	16
2016-04-30	23	27
2016-05-01	37	14
2016-05-02	28	17
2016-05-03	26	23
2016-05-04	19	31
2016-05-05	37	18
2016-05-06	17	14
2016-05-07	14	14
2016-05-08	31	12
2016-05-09	33	20
2016-05-10	21	19
2016-05-11	30	10
2016-05-12	36	16
2016-05-13	32	15
2016-05-14	11	18
2016-05-15	21	40
2016-05-16	17	14
2016-05-17	19	20
2016-05-18	18	11
2016-05-19	15	14
2016-05-20	16	24
2016-05-21	15	12
2016-05-22	15	24
2016-05-23	15	20
2016-05-24	12	13
2016-05-25	20	24
2016-05-26	16	24
2016-05-27	18	12
2016-05-28	18	32
2016-05-29	7	17
2016-05-30	8	25
2016-05-31	24	29
2016-06-01	25	36
2016-06-02	12	22
2016-06-03	21	15
2016-06-04	13	25
2016-06-05	11	21
2016-06-06	19	20
2016-06-07	25	18
2016-06-08	12	26
2016-06-09	15	22
2016-06-10	19	14
2016-06-11	18	13
2016-06-12	15	11
2016-06-13	24	21
2016-06-14	16	20
2016-06-15	16	32
2016-06-16	10	34
2016-06-17	14	23
2016-06-18	26	35
2016-06-19	10	20
2016-06-20	15	49
2016-06-21	10	51
2016-06-22	16	44
2016-06-23	12	34
2016-06-24	13	33
2016-06-25	15	28
2016-06-26	19	22
2016-06-27	14	30
2016-06-28	22	43
2016-06-29	21	35
2016-06-30	14	31
2016-07-01	22	24
2016-07-02	14	22
2016-07-03	9	19
2016-07-04	16	17
2016-07-05	18	18
2016-07-06	20	29
2016-07-07	13	45
2016-07-08	14	33
2016-07-09	15	26
2016-07-10	10	30
2016-07-11	10	30
2016-07-12	17	39
2016-07-13	9	30
2016-07-14	7	27
2016-07-15	10	25
2016-07-16	8	10
2016-07-17	11	23
2016-07-18	16	31
2016-07-19	10	40
2016-07-20	19	33
2016-07-21	8	27
2016-07-22	8	31
2016-07-23	8	23
2016-07-24	24	23
2016-07-25	14	27
2016-07-26	25	19
2016-07-27	6	56
2016-07-28	16	21
2016-07-29	15	19
2016-07-30	20	33
2016-07-31	14	24
2016-08-01	27	16
2016-08-02	25	32
2016-08-03	23	39
2016-08-04	17	15
2016-08-05	11	23
2016-08-06	19	25
2016-08-07	14	15
2016-08-08	15	25
2016-08-09	19	25
2016-08-10	18	22
2016-08-11	15	22
2016-08-12	10	14
2016-08-13	11	32
2016-08-14	12	18
2016-08-15	12	48
2016-08-16	15	29
2016-08-17	9	19
2016-08-18	17	37
2016-08-19	13	40
2016-08-20	19	48
2016-08-21	11	41
2016-08-22	13	71
2016-08-23	11	54
2016-08-24	23	77
2016-08-25	16	26
2016-08-26	13	40
2016-08-27	30	69
2016-08-28	19	42
2016-08-29	15	37
2016-08-30	12	28
2016-08-31	16	22
2016-09-01	12	33
2016-09-02	15	26
2016-09-03	13	13
2016-09-04	15	19
2016-09-05	19	25
2016-09-06	27	43
2016-09-07	12	28
2016-09-08	21	18
2016-09-09	17	10
2016-09-10	8	19
2016-09-11	6	30
2016-09-12	18	20
2016-09-13	16	28
2016-09-14	17	37
2016-09-15	24	25
2016-09-16	10	22
2016-09-17	17	32
2016-09-18	17	36
2016-09-19	14	46
2016-09-20	15	13
2016-09-21	10	19
2016-09-22	16	22
2016-09-23	17	18
2016-09-24	10	13
2016-09-25	11	15
2016-09-26	12	16
2016-09-27	8	17
2016-09-28	19	10
2016-09-29	13	25
2016-09-30	14	20
2016-10-01	11	26
2016-10-02	11	29
2016-10-03	12	17
2016-10-04	20	34
2016-10-05	25	28
2016-10-06	10	15
2016-10-07	17	8
2016-10-08	8	23
2016-10-09	10	20
2016-10-10	15	24
2016-10-11	18	13
2016-10-12	22	22
2016-10-13	16	22
2016-10-14	9	19
2016-10-15	23	41
2016-10-16	11	25
2016-10-17	19	24
2016-10-18	22	24
2016-10-19	13	20
2016-10-20	27	71
2016-10-21	16	18
2016-10-22	21	32
2016-10-23	20	18
2016-10-24	8	24
2016-10-25	22	25
2016-10-26	12	34
2016-10-27	15	30
2016-10-28	33	17
2016-10-29	9	32
2016-10-30	17	41
2016-10-31	7	20
2016-11-01	20	29
2016-11-02	43	48
2016-11-03	23	27
2016-11-04	19	58
2016-11-05	10	27
2016-11-06	11	37
2016-11-07	22	26
2016-11-08	18	37
2016-11-09	12	41
2016-11-10	20	38
2016-11-11	21	29
2016-11-12	22	65
2016-11-13	18	36
2016-11-14	30	69
2016-11-15	31	48
2016-11-16	23	49
2016-11-17	36	29
2016-11-18	23	32
2016-11-19	26	24
2016-11-20	24	36
2016-11-21	32	22
2016-11-22	26	18
2016-11-23	17	35
2016-11-24	25	26
2016-11-25	10	50
2016-11-26	13	40
2016-11-27	16	20
2016-11-28	23	26
2016-11-29	44	18
2016-11-30	38	43
2016-12-01	42	22
2016-12-02	33	34
2016-12-03	24	48
2016-12-04	15	28
2016-12-05	27	30
2016-12-06	34	58
2016-12-07	28	23
2016-12-08	25	55
2016-12-09	18	81
2016-12-10	18	53
2016-12-11	17	56
2016-12-12	32	54
2016-12-13	25	42
2016-12-14	23	63
2016-12-15	30	33
2016-12-16	37	32
2016-12-17	25	51
2016-12-18	20	26
2016-12-19	20	42
2016-12-20	24	43
2016-12-21	30	27
2016-12-22	17	28
2016-12-23	11	27
2016-12-24	25	23
2016-12-25	9	20
2016-12-26	12	24
2016-12-27	19	47
2016-12-28	17	24
2016-12-29	15	33
2016-12-30	19	30
2016-12-31	11	36
2017-01-01	13	39
2017-01-02	22	19
2017-01-03	25	67
2017-01-04	21	50
2017-01-05	13	32
2017-01-06	19	23
2017-01-07	11	34
2017-01-08	16	28
2017-01-09	13	29
2017-01-10	13	28
2017-01-11	14	30
2017-01-12	23	34
2017-01-13	19	37
2017-01-14	20	27
2017-01-15	15	26
2017-01-16	18	39
2017-01-17	17	34
2017-01-18	23	36
2017-01-19	21	42
2017-01-20	22	49
2017-01-21	17	71
2017-01-22	15	66
2017-01-23	14	59
2017-01-24	20	100
2017-01-25	23	120
2017-01-26	18	294
2017-01-27	20	336
2017-01-28	9	135
2017-01-29	19	214
2017-01-30	26	98
2017-01-31	26	138
2017-02-01	35	102
2017-02-02	18	77
2017-02-03	29	136
2017-02-04	33	148
2017-02-05	32	110
2017-02-06	11	75
2017-02-07	22	102
2017-02-08	17	127
2017-02-09	15	87
2017-02-10	13	135
2017-02-11	17	79
2017-02-12	26	176
2017-02-13	19	66
2017-02-14	31	63
2017-02-15	18	72
2017-02-16	14	79
2017-02-17	29	69
2017-02-18	11	41
2017-02-19	12	53
2017-02-20	16	37
2017-02-21	21	214
2017-02-22	18	182
2017-02-23	27	212
2017-02-24	20	122
2017-02-25	28	83
2017-02-26	27	76
2017-02-27	21	65
2017-02-28	27	45
2017-03-01	21	34
2017-03-02	16	52
2017-03-03	23	59
2017-03-04	24	63
2017-03-05	19	84
2017-03-06	36	70
2017-03-07	25	92
2017-03-08	22	51
2017-03-09	20	56
2017-03-10	17	51
2017-03-11	32	106
2017-03-12	15	76
2017-03-13	15	65
2017-03-14	21	30
2017-03-15	19	44
2017-03-16	26	25
2017-03-17	19	113
2017-03-18	31	98
2017-03-19	25	51
2017-03-20	19	119
2017-03-21	27	60
2017-03-22	21	74
2017-03-23	35	59
2017-03-24	15	101
2017-03-25	13	35
2017-03-26	18	44
2017-03-27	16	22
2017-03-28	20	40
2017-03-29	23	71
2017-03-30	32	99
2017-03-31	20	80
2017-04-01	17	87
2017-04-02	27	77
2017-04-03	24	129
2017-04-04	32	84
2017-04-05	25	37
2017-04-06	29	117
2017-04-07	22	34
2017-04-08	17	37
2017-04-09	23	64
2017-04-10	23	149
2017-04-11	34	87
2017-04-12	21	245
2017-04-13	20	146
2017-04-14	27	108
2017-04-15	17	185
2017-04-16	21	97
2017-04-17	25	40
2017-04-18	27	47
2017-04-19	33	73
2017-04-20	34	47
2017-04-21	26	42
2017-04-22	13	201
2017-04-23	26	212
2017-04-24	31	107
2017-04-25	36	76
2017-04-26	28	49
2017-04-27	41	47
2017-04-28	42	50
2017-04-29	21	32
2017-04-30	31	31
2017-05-01	41	29
2017-05-02	31	60
2017-05-03	29	41
2017-05-04	30	32
2017-05-05	19	29
2017-05-06	18	31
2017-05-07	19	26
2017-05-08	25	27
2017-05-09	42	30
2017-05-10	18	28
2017-05-11	32	17
2017-05-12	20	21
2017-05-13	26	19
2017-05-14	15	12
2017-05-15	18	22
2017-05-16	21	18
2017-05-17	10	30
2017-05-18	23	40
2017-05-19	28	29
2017-05-20	8	52
2017-05-21	15	29
2017-05-22	8	27
2017-05-23	11	33
2017-05-24	19	26
2017-05-25	25	30
2017-05-26	17	15
2017-05-27	49	29
2017-05-28	14	18
2017-05-29	20	29
2017-05-30	18	31
2017-05-31	24	29
2017-06-01	24	32
2017-06-02	14	17
2017-06-03	24	21
2017-06-04	20	37
2017-06-05	8	36
2017-06-06	16	28
2017-06-07	23	34
2017-06-08	10	44
2017-06-09	16	55
2017-06-10	28	49
2017-06-11	14	26
2017-06-12	27	53
2017-06-13	22	29
2017-06-14	21	24
2017-06-15	20	27
2017-06-16	15	30
2017-06-17	12	49
2017-06-18	10	32
2017-06-19	17	25
2017-06-20	21	19
2017-06-21	22	33
2017-06-22	9	39
2017-06-23	13	37
2017-06-24	14	25
2017-06-25	12	31
2017-06-26	23	56
2017-06-27	16	28
2017-06-28	24	37
2017-06-29	13	37
2017-06-30	25	28
