nc_date	num_articles
2009-01-01	1746
2009-01-02	2021
2009-01-03	2282
2009-01-04	2037
2009-01-05	2452
2009-01-06	2989
2009-01-07	3415
2009-01-08	3308
2009-01-09	2956
2009-01-10	2493
2009-01-11	2263
2009-01-12	2330
2009-01-13	2647
2009-01-14	2318
2009-01-15	2167
2009-01-16	2534
2009-01-17	2234
2009-01-18	2470
2009-01-19	3367
2009-01-20	2191
2009-01-21	2410
2009-01-22	2628
2009-01-23	2391
2009-01-24	2234
2009-01-25	2350
2009-01-26	3481
2009-01-27	2520
2009-01-28	2520
2009-01-29	2461
2009-01-30	2443
2009-01-31	2400
2009-02-01	2127
2009-02-02	2804
2009-02-03	2412
2009-02-04	2456
2009-02-05	2741
2009-02-06	2292
2009-02-07	2360
2009-02-08	2323
2009-02-09	3118
2009-02-10	2596
2009-02-11	2640
2009-02-12	2587
2009-02-13	3401
2009-02-14	2217
2009-02-15	2174
2009-02-16	3162
2009-02-17	3309
2009-02-18	2551
2009-02-19	2733
2009-02-20	2191
2009-02-21	6496
2009-02-22	2500
2009-02-23	5187
2009-02-24	2496
2009-02-25	2512
2009-02-26	2314
2009-02-27	3706
2009-02-28	2296
2009-03-01	2182
2009-03-02	2533
2009-03-03	2437
2009-03-04	3635
2009-03-05	5687
2009-03-06	4066
2009-03-07	2427
2009-03-08	2113
2009-03-09	3858
2009-03-10	2625
2009-03-11	2723
2009-03-12	3057
2009-03-13	2326
2009-03-14	2145
2009-03-15	2234
2009-03-16	3592
2009-03-17	2729
2009-03-18	2306
2009-03-19	2400
2009-03-20	2355
2009-03-21	2043
2009-03-22	2282
2009-03-23	2544
2009-03-24	2835
2009-03-25	2585
2009-03-26	3528
2009-03-27	2243
2009-03-28	3433
2009-03-29	4197
2009-03-30	3353
2009-03-31	3646
2009-04-01	4372
2009-04-02	5623
2009-04-03	1890
2009-04-04	1846
2009-04-05	2263
2009-04-06	4340
2009-04-07	2402
2009-04-08	2318
2009-04-09	2386
2009-04-10	2087
2009-04-11	1820
2009-04-12	2086
2009-04-13	2277
2009-04-14	2452
2009-04-15	2787
2009-04-16	8199
2009-04-17	2667
2009-04-18	1924
2009-04-19	2303
2009-04-20	4098
2009-04-21	2893
2009-04-22	2717
2009-04-23	2475
2009-04-24	2337
2009-04-25	1817
2009-04-26	2922
2009-04-27	3146
2009-04-28	2155
2009-04-29	2193
2009-04-30	2298
2009-05-01	2616
2009-05-02	1934
2009-05-03	2252
2009-05-04	2221
2009-05-05	2193
2009-05-06	2231
2009-05-07	2504
2009-05-08	2350
2009-05-09	1879
2009-05-10	1789
2009-05-11	2173
2009-05-12	2321
2009-05-13	2078
2009-05-14	2052
2009-05-15	1976
2009-05-16	1992
2009-05-17	2579
2009-05-18	2073
2009-05-19	2308
2009-05-20	2155
2009-05-21	2028
2009-05-22	2041
2009-05-23	2196
2009-05-24	1787
2009-05-25	1957
2009-05-26	2095
2009-05-27	2083
2009-05-28	2246
2009-05-29	1943
2009-05-30	1708
2009-05-31	1883
2009-06-01	1987
2009-06-02	1920
2009-06-03	1981
2009-06-04	1952
2009-06-05	1931
2009-06-06	1774
2009-06-07	1839
2009-06-08	2033
2009-06-09	2104
2009-06-10	2369
2009-06-11	2044
2009-06-12	2125
2009-06-13	2327
2009-06-14	2000
2009-06-15	2072
2009-06-16	2191
2009-06-17	2222
2009-06-18	2071
2009-06-19	2085
2009-06-20	2095
2009-06-21	1768
2009-06-22	1982
2009-06-23	2094
2009-06-24	2227
2009-06-25	2133
2009-06-26	1914
2009-06-27	1588
2009-06-28	1779
2009-06-29	2213
2009-06-30	1983
2009-07-01	2319
2009-07-02	1947
2009-07-03	1891
2009-07-04	1731
2009-07-05	1974
2009-07-06	2496
2009-07-07	3198
2009-07-08	2849
2009-07-09	3158
2009-07-10	2464
2009-07-11	1983
2009-07-12	3601
2009-07-13	2537
2009-07-14	2179
2009-07-15	2405
2009-07-16	3587
2009-07-17	2231
2009-07-18	3907
2009-07-19	3520
2009-07-20	3029
2009-07-21	3726
2009-07-22	3210
2009-07-23	3384
2009-07-24	2032
2009-07-25	1749
2009-07-26	1624
2009-07-27	2335
2009-07-28	2101
2009-07-29	2043
2009-07-30	2283
2009-07-31	2031
2009-08-01	1772
2009-08-02	1782
2009-08-03	2232
2009-08-04	2207
2009-08-05	2193
2009-08-06	2293
2009-08-07	1982
2009-08-08	1614
2009-08-09	1706
2009-08-10	3067
2009-08-11	2377
2009-08-12	2787
2009-08-13	2540
2009-08-14	2770
2009-08-15	3364
2009-08-16	2898
2009-08-17	2887
2009-08-18	2399
2009-08-19	2198
2009-08-20	2393
2009-08-21	1878
2009-08-22	2242
2009-08-23	1939
2009-08-24	1979
2009-08-25	2074
2009-08-26	2635
2009-08-27	3290
2009-08-28	2264
2009-08-29	1851
2009-08-30	2086
2009-08-31	2066
2009-09-01	1955
2009-09-02	1855
2009-09-03	1959
2009-09-04	1919
2009-09-05	1734
2009-09-06	1714
2009-09-07	2054
2009-09-08	1931
2009-09-09	1870
2009-09-10	1838
2009-09-11	1911
2009-09-12	1724
2009-09-13	1969
2009-09-14	2052
2009-09-15	2057
2009-09-16	1974
2009-09-17	1798
2009-09-18	1938
2009-09-19	1769
2009-09-20	1908
2009-09-21	2163
2009-09-22	1936
2009-09-23	2093
2009-09-24	2006
2009-09-25	1810
2009-09-26	1711
2009-09-27	1946
2009-09-28	2114
2009-09-29	2214
2009-09-30	2190
2009-10-01	1992
2009-10-02	1819
2009-10-03	1638
2009-10-04	1815
2009-10-05	2037
2009-10-06	1969
2009-10-07	2138
2009-10-08	2142
2009-10-09	1898
2009-10-10	1617
2009-10-11	1709
2009-10-12	2246
2009-10-13	1996
2009-10-14	2188
2009-10-15	2337
2009-10-16	2006
2009-10-17	2127
2009-10-18	1826
2009-10-19	2226
2009-10-20	1934
2009-10-21	1984
2009-10-22	2038
2009-10-23	2066
2009-10-24	1865
2009-10-25	1945
2009-10-26	2204
2009-10-27	2362
2009-10-28	2177
2009-10-29	2157
2009-10-30	1998
2009-10-31	1724
2009-11-01	1823
2009-11-02	2171
2009-11-03	2291
2009-11-04	2100
2009-11-05	2072
2009-11-06	2164
2009-11-07	1814
2009-11-08	2013
2009-11-09	2111
2009-11-10	2044
2009-11-11	2074
2009-11-12	2005
2009-11-13	1834
2009-11-14	1699
2009-11-15	1685
2009-11-16	1923
2009-11-17	2180
2009-11-18	2074
2009-11-19	2263
2009-11-20	2152
2009-11-21	1962
2009-11-22	1782
2009-11-23	2149
2009-11-24	2142
2009-11-25	2247
2009-11-26	2013
2009-11-27	1809
2009-11-28	1752
2009-11-29	1827
2009-11-30	2204
2009-12-01	2165
2009-12-02	1919
2009-12-03	2035
2009-12-04	2051
2009-12-05	1807
2009-12-06	1791
2009-12-07	1974
2009-12-08	2112
2009-12-09	2080
2009-12-10	2024
2009-12-11	1845
2009-12-12	1859
2009-12-13	1835
2009-12-14	2087
2009-12-15	2149
2009-12-16	2515
2009-12-17	2496
2009-12-18	1853
2009-12-19	1952
2009-12-20	2333
2009-12-21	2467
2009-12-22	1833
2009-12-23	1876
2009-12-24	1736
2009-12-25	1575
2009-12-26	1575
2009-12-27	1829
2009-12-28	1732
2009-12-29	1800
2009-12-30	1778
2009-12-31	1519
2010-01-01	1490
2010-01-02	1896
2010-01-03	1904
2010-01-04	2152
2010-01-05	2105
2010-01-06	2129
2010-01-07	2181
2010-01-08	2009
2010-01-09	1814
2010-01-10	2094
2010-01-11	1958
2010-01-12	2126
2010-01-13	2181
2010-01-14	2457
2010-01-15	2031
2010-01-16	1892
2010-01-17	1930
2010-01-18	2180
2010-01-19	2462
2010-01-20	2374
2010-01-21	2935
2010-01-22	2241
2010-01-23	1888
2010-01-24	1912
2010-01-25	2166
2010-01-26	2107
2010-01-27	2100
2010-01-28	2012
2010-01-29	2173
2010-01-30	1842
2010-01-31	1744
2010-02-01	2039
2010-02-02	2159
2010-02-03	2379
2010-02-04	2937
2010-02-05	2419
2010-02-06	1858
2010-02-07	1920
2010-02-08	2071
2010-02-09	2199
2010-02-10	2130
2010-02-11	2118
2010-02-12	2155
2010-02-13	1806
2010-02-14	1829
2010-02-15	2074
2010-02-16	2198
2010-02-17	1984
2010-02-18	2092
2010-02-19	2044
2010-02-20	1806
2010-02-21	1906
2010-02-22	2306
2010-02-23	2194
2010-02-24	2146
2010-02-25	2118
2010-02-26	1961
2010-02-27	1766
2010-02-28	1899
2010-03-01	1996
2010-03-02	2085
2010-03-03	1987
2010-03-04	2055
2010-03-05	1937
2010-03-06	1734
2010-03-07	1812
2010-03-08	2144
2010-03-09	2025
2010-03-10	1955
2010-03-11	2083
2010-03-12	2002
2010-03-13	1805
2010-03-14	1839
2010-03-15	1835
2010-03-16	2191
2010-03-17	1943
2010-03-18	1981
2010-03-19	1851
2010-03-20	1744
2010-03-21	1893
2010-03-22	1893
2010-03-23	2059
2010-03-24	1866
2010-03-25	1935
2010-03-26	1880
2010-03-27	2379
2010-03-28	1795
2010-03-29	2000
2010-03-30	2707
2010-03-31	2167
2010-04-01	2020
2010-04-02	2058
2010-04-03	1749
2010-04-04	1583
2010-04-05	3117
2010-04-06	2629
2010-04-07	2342
2010-04-08	2213
2010-04-09	1828
2010-04-10	1559
2010-04-11	1589
2010-04-12	1918
2010-04-13	1713
2010-04-14	1962
2010-04-15	1725
2010-04-16	1766
2010-04-17	2142
2010-04-18	2577
2010-04-19	3187
2010-04-20	2465
2010-04-21	1772
2010-04-22	1762
2010-04-23	2189
2010-04-24	2668
2010-04-25	3511
2010-04-26	2212
2010-04-27	1704
2010-04-28	1651
2010-04-29	2144
2010-04-30	1821
2010-05-01	1566
2010-05-02	2020
2010-05-03	2191
2010-05-04	1886
2010-05-05	2736
2010-05-06	1740
2010-05-07	1510
2010-05-08	1854
2010-05-09	1581
2010-05-10	1841
2010-05-11	2054
2010-05-12	1746
2010-05-13	1698
2010-05-14	1642
2010-05-15	1435
2010-05-16	1526
2010-05-17	1818
2010-05-18	2333
2010-05-19	1634
2010-05-20	1542
2010-05-21	1586
2010-05-22	1617
2010-05-23	2112
2010-05-24	2084
2010-05-25	1575
2010-05-26	1568
2010-05-27	1732
2010-05-28	1632
2010-05-29	1453
2010-05-30	1565
2010-05-31	1667
2010-06-01	2056
2010-06-02	2337
2010-06-03	1658
2010-06-04	1595
2010-06-05	1700
2010-06-06	1894
2010-06-07	1761
2010-06-08	1670
2010-06-09	1726
2010-06-10	1643
2010-06-11	1437
2010-06-12	1293
2010-06-13	1384
2010-06-14	1548
2010-06-15	1715
2010-06-16	2028
2010-06-17	1598
2010-06-18	1608
2010-06-19	1411
2010-06-20	1326
2010-06-21	1461
2010-06-22	1615
2010-06-23	1423
2010-06-24	1922
2010-06-25	1769
2010-06-26	1208
2010-06-27	1481
2010-06-28	1820
2010-06-29	1545
2010-06-30	1632
2010-07-01	1485
2010-07-02	1309
2010-07-03	1485
2010-07-04	1423
2010-07-05	1622
2010-07-06	1482
2010-07-07	1728
2010-07-08	1749
2010-07-09	1610
2010-07-10	1438
2010-07-11	1294
2010-07-12	1570
2010-07-13	1906
2010-07-14	1466
2010-07-15	1722
2010-07-16	1468
2010-07-17	1342
2010-07-18	1492
2010-07-19	1783
2010-07-20	1769
2010-07-21	1728
2010-07-22	1450
2010-07-23	2058
2010-07-24	1389
2010-07-25	1586
2010-07-26	1707
2010-07-27	1788
2010-07-28	1830
2010-07-29	1752
2010-07-30	2250
2010-07-31	1479
2010-08-01	1288
2010-08-02	1836
2010-08-03	1759
2010-08-04	1666
2010-08-05	1646
2010-08-06	1597
2010-08-07	1512
2010-08-08	1368
2010-08-09	1575
2010-08-10	2299
2010-08-11	1664
2010-08-12	1705
2010-08-13	1695
2010-08-14	1497
2010-08-15	1653
2010-08-16	4646
2010-08-17	1599
2010-08-18	2011
2010-08-19	1568
2010-08-20	1975
2010-08-21	2169
2010-08-22	1381
2010-08-23	2128
2010-08-24	1572
2010-08-25	1678
2010-08-26	1610
2010-08-27	1668
2010-08-28	1343
2010-08-29	1584
2010-08-30	1986
2010-08-31	1607
2010-09-01	1585
2010-09-02	1517
2010-09-03	1568
2010-09-04	1514
2010-09-05	1728
2010-09-06	1533
2010-09-07	1605
2010-09-08	1653
2010-09-09	1782
2010-09-10	1420
2010-09-11	1886
2010-09-12	1497
2010-09-13	2224
2010-09-14	1763
2010-09-15	1913
2010-09-16	1878
2010-09-17	2695
2010-09-18	1482
2010-09-19	1379
2010-09-20	2049
2010-09-21	2019
2010-09-22	2174
2010-09-23	1527
2010-09-24	1675
2010-09-25	1488
2010-09-26	1580
2010-09-27	1469
2010-09-28	1861
2010-09-29	1435
2010-09-30	1635
2010-10-01	1597
2010-10-02	1335
2010-10-03	1511
2010-10-04	1773
2010-10-05	1865
2010-10-06	1594
2010-10-07	1476
2010-10-08	1572
2010-10-09	1320
2010-10-10	1286
2010-10-11	1569
2010-10-12	1629
2010-10-13	1598
2010-10-14	1519
2010-10-15	1465
2010-10-16	1426
2010-10-17	1513
2010-10-18	1598
2010-10-19	1727
2010-10-20	1680
2010-10-21	1675
2010-10-22	1650
2010-10-23	1379
2010-10-24	2002
2010-10-25	1731
2010-10-26	1785
2010-10-27	1828
2010-10-28	1616
2010-10-29	2179
2010-10-30	1711
2010-10-31	1859
2010-11-01	2540
2010-11-02	1792
2010-11-03	1635
2010-11-04	1674
2010-11-05	1630
2010-11-06	1508
2010-11-07	2071
2010-11-08	1618
2010-11-09	1737
2010-11-10	2926
2010-11-11	2027
2010-11-12	1857
2010-11-13	1915
2010-11-14	1569
2010-11-15	1854
2010-11-16	2011
2010-11-17	1627
2010-11-18	1705
2010-11-19	1459
2010-11-20	1293
2010-11-21	1588
2010-11-22	1603
2010-11-23	2573
2010-11-24	1836
2010-11-25	1345
2010-11-26	1424
2010-11-27	1388
2010-11-28	1600
2010-11-29	1464
2010-11-30	1566
2010-12-01	1688
2010-12-02	1709
2010-12-03	1639
2010-12-04	1405
2010-12-05	1410
2010-12-06	1489
2010-12-07	1580
2010-12-08	1732
2010-12-09	1492
2010-12-10	1564
2010-12-11	1428
2010-12-12	2233
2010-12-13	1530
2010-12-14	1560
2010-12-15	1536
2010-12-16	1559
2010-12-17	1962
2010-12-18	1323
2010-12-19	1581
2010-12-20	1793
2010-12-21	1640
2010-12-22	1590
2010-12-23	1640
2010-12-24	1408
2010-12-25	903
2010-12-26	1102
2010-12-27	1619
2010-12-28	1599
2010-12-29	1781
2010-12-30	1641
2010-12-31	1460
2011-01-01	1346
2011-01-02	1661
2011-01-03	1555
2011-01-04	1621
2011-01-05	1677
2011-01-06	1675
2011-01-07	1436
2011-01-08	1512
2011-01-09	1509
2011-01-10	1579
2011-01-11	1679
2011-01-12	1581
2011-01-13	1461
2011-01-14	1546
2011-01-15	1584
2011-01-16	1709
2011-01-17	2204
2011-01-18	2799
2011-01-19	1862
2011-01-20	1616
2011-01-21	2009
2011-01-22	1869
2011-01-23	1537
2011-01-24	1690
2011-01-25	1592
2011-01-26	1622
2011-01-27	1585
2011-01-28	1561
2011-01-29	1464
2011-01-30	1596
2011-01-31	1716
2011-02-01	1667
2011-02-02	1733
2011-02-03	1620
2011-02-04	1674
2011-02-05	1575
2011-02-06	1689
2011-02-07	1569
2011-02-08	1622
2011-02-09	1730
2011-02-10	1676
2011-02-11	1514
2011-02-12	1464
2011-02-13	1484
2011-02-14	1625
2011-02-15	1586
2011-02-16	1564
2011-02-17	1548
2011-02-18	1536
2011-02-19	1460
2011-02-20	1504
2011-02-21	1591
2011-02-22	1818
2011-02-23	1588
2011-02-24	1746
2011-02-25	1633
2011-02-26	1615
2011-02-27	1963
2011-02-28	1523
2011-03-01	1542
2011-03-02	1891
2011-03-03	1956
2011-03-04	2424
2011-03-05	1397
2011-03-06	1375
2011-03-07	1476
2011-03-08	1604
2011-03-09	1398
2011-03-10	1702
2011-03-11	2013
2011-03-12	1249
2011-03-13	1374
2011-03-14	1427
2011-03-15	1515
2011-03-16	1500
2011-03-17	1398
2011-03-18	1314
2011-03-19	1651
2011-03-20	1341
2011-03-21	1549
2011-03-22	1558
2011-03-23	1567
2011-03-24	1641
2011-03-25	1441
2011-03-26	1398
2011-03-27	1552
2011-03-28	1805
2011-03-29	1574
2011-03-30	1840
2011-03-31	1452
2011-04-01	1474
2011-04-02	1373
2011-04-03	1270
2011-04-04	1515
2011-04-05	1498
2011-04-06	1574
2011-04-07	1616
2011-04-08	1495
2011-04-09	1493
2011-04-10	1435
2011-04-11	1596
2011-04-12	1532
2011-04-13	1751
2011-04-14	1596
2011-04-15	1377
2011-04-16	1360
2011-04-17	1240
2011-04-18	1532
2011-04-19	1496
2011-04-20	1238
2011-04-21	1446
2011-04-22	1358
2011-04-23	1359
2011-04-24	1321
2011-04-25	1731
2011-04-26	1703
2011-04-27	1739
2011-04-28	2513
2011-04-29	1559
2011-04-30	1316
2011-05-01	1367
2011-05-02	1361
2011-05-03	1491
2011-05-04	1509
2011-05-05	1514
2011-05-06	1524
2011-05-07	1411
2011-05-08	1510
2011-05-09	2177
2011-05-10	1569
2011-05-11	1538
2011-05-12	1656
2011-05-13	1603
2011-05-14	1362
2011-05-15	1330
2011-05-16	1454
2011-05-17	1622
2011-05-18	1515
2011-05-19	1374
2011-05-20	1359
2011-05-21	1213
2011-05-22	1114
2011-05-23	1298
2011-05-24	1404
2011-05-25	1388
2011-05-26	1350
2011-05-27	1438
2011-05-28	1255
2011-05-29	1192
2011-05-30	1347
2011-05-31	1391
2011-06-01	1313
2011-06-02	1412
2011-06-03	1273
2011-06-04	1219
2011-06-05	1272
2011-06-06	1278
2011-06-07	1438
2011-06-08	1425
2011-06-09	1631
2011-06-10	1508
2011-06-11	1261
2011-06-12	1257
2011-06-13	1458
2011-06-14	1636
2011-06-15	1677
2011-06-16	1524
2011-06-17	1386
2011-06-18	1220
2011-06-19	1315
2011-06-20	1557
2011-06-21	1509
2011-06-22	1583
2011-06-23	1524
2011-06-24	1372
2011-06-25	1246
2011-06-26	1315
2011-06-27	1471
2011-06-28	1432
2011-06-29	1471
2011-06-30	1356
2011-07-01	1347
2011-07-02	1142
2011-07-03	1213
2011-07-04	1267
2011-07-05	1406
2011-07-06	1569
2011-07-07	1378
2011-07-08	1514
2011-07-09	1281
2011-07-10	1157
2011-07-11	1452
2011-07-12	1454
2011-07-13	1356
2011-07-14	1426
2011-07-15	1659
2011-07-16	1906
2011-07-17	1349
2011-07-18	1629
2011-07-19	1761
2011-07-20	1589
2011-07-21	1446
2011-07-22	1392
2011-07-23	1360
2011-07-24	1303
2011-07-25	1531
2011-07-26	1425
2011-07-27	1325
2011-07-28	1403
2011-07-29	1293
2011-07-30	1297
2011-07-31	1221
2011-08-01	1468
2011-08-02	1441
2011-08-03	1420
2011-08-04	1454
2011-08-05	1559
2011-08-06	2362
2011-08-07	1245
2011-08-08	1350
2011-08-09	1364
2011-08-10	1520
2011-08-11	1450
2011-08-12	1475
2011-08-13	1211
2011-08-14	1354
2011-08-15	1514
2011-08-16	1477
2011-08-17	1547
2011-08-18	1627
2011-08-19	1291
2011-08-20	1301
2011-08-21	1300
2011-08-22	1506
2011-08-23	1674
2011-08-24	1720
2011-08-25	1508
2011-08-26	1473
2011-08-27	1405
2011-08-28	1528
2011-08-29	1515
2011-08-30	1744
2011-08-31	1470
2011-09-01	1495
2011-09-02	1338
2011-09-03	1526
2011-09-04	1608
2011-09-05	1694
2011-09-06	1710
2011-09-07	1789
2011-09-08	1448
2011-09-09	1390
2011-09-10	1587
2011-09-11	1424
2011-09-12	1381
2011-09-13	1968
2011-09-14	1505
2011-09-15	1384
2011-09-16	1365
2011-09-17	1354
2011-09-18	1168
2011-09-19	2735
2011-09-20	1739
2011-09-21	1393
2011-09-22	1967
2011-09-23	1614
2011-09-24	1662
2011-09-25	1458
2011-09-26	1791
2011-09-27	1494
2011-09-28	1576
2011-09-29	1537
2011-09-30	1803
2011-10-01	1304
2011-10-02	1307
2011-10-03	1521
2011-10-04	1479
2011-10-05	1275
2011-10-06	1661
2011-10-07	1218
2011-10-08	1275
2011-10-09	1221
2011-10-10	1377
2011-10-11	1332
2011-10-12	1306
2011-10-13	1279
2011-10-14	1267
2011-10-15	1396
2011-10-16	1344
2011-10-17	1406
2011-10-18	1701
2011-10-19	1818
2011-10-20	1765
2011-10-21	1293
2011-10-22	1289
2011-10-23	1406
2011-10-24	1436
2011-10-25	1564
2011-10-26	1496
2011-10-27	1516
2011-10-28	2239
2011-10-29	1802
2011-10-30	1314
2011-10-31	1621
2011-11-01	1310
2011-11-02	1489
2011-11-03	1350
2011-11-04	1270
2011-11-05	1393
2011-11-06	1311
2011-11-07	1376
2011-11-08	1266
2011-11-09	1481
2011-11-10	1378
2011-11-11	1411
2011-11-12	1360
2011-11-13	1453
2011-11-14	1255
2011-11-15	1424
2011-11-16	1297
2011-11-17	1467
2011-11-18	1631
2011-11-19	1355
2011-11-20	1764
2011-11-21	1383
2011-11-22	1363
2011-11-23	1238
2011-11-24	1150
2011-11-25	1317
2011-11-26	1243
2011-11-27	1191
2011-11-28	1534
2011-11-29	1538
2011-11-30	1508
2011-12-01	1289
2011-12-02	1267
2011-12-03	1116
2011-12-04	1338
2011-12-05	1389
2011-12-06	1292
2011-12-07	1463
2011-12-08	1206
2011-12-09	1288
2011-12-10	1237
2011-12-11	1259
2011-12-12	1259
2011-12-13	1278
2011-12-14	1338
2011-12-15	1347
2011-12-16	1363
2011-12-17	1295
2011-12-18	1232
2011-12-19	1336
2011-12-20	1494
2011-12-21	1258
2011-12-22	1219
2011-12-23	1440
2011-12-24	1057
2011-12-25	756
2011-12-26	1077
2011-12-27	1176
2011-12-28	1243
2011-12-29	1380
2011-12-30	1403
2011-12-31	1283
2012-01-01	1256
2012-01-02	1413
2012-01-03	1494
2012-01-04	1452
2012-01-05	1338
2012-01-06	1141
2012-01-07	1193
2012-01-08	1285
2012-01-09	1251
2012-01-10	1386
2012-01-11	1245
2012-01-12	1287
2012-01-13	1371
2012-01-14	1395
2012-01-15	1331
2012-01-16	1413
2012-01-17	1461
2012-01-18	274
2012-01-19	1304
2012-01-20	1535
2012-01-21	1389
2012-01-22	1364
2012-01-23	1377
2012-01-24	1298
2012-01-25	1319
2012-01-26	1216
2012-01-27	1282
2012-01-28	1302
2012-01-29	1179
2012-01-30	1475
2012-01-31	1353
2012-02-01	1365
2012-02-02	1442
2012-02-03	1694
2012-02-04	1347
2012-02-05	1564
2012-02-06	1267
2012-02-07	1616
2012-02-08	1578
2012-02-09	1485
2012-02-10	1546
2012-02-11	1307
2012-02-12	1180
2012-02-13	1246
2012-02-14	1228
2012-02-15	1131
2012-02-16	1214
2012-02-17	1300
2012-02-18	1300
2012-02-19	1196
2012-02-20	1416
2012-02-21	1248
2012-02-22	1284
2012-02-23	1316
2012-02-24	1358
2012-02-25	1244
2012-02-26	1151
2012-02-27	1068
2012-02-28	1096
2012-02-29	1120
2012-03-01	913
2012-03-02	776
2012-03-03	936
2012-03-04	901
2012-03-05	802
2012-03-06	829
2012-03-07	878
2012-03-08	944
2012-03-09	870
2012-03-10	906
2012-03-11	804
2012-03-12	809
2012-03-13	921
2012-03-14	824
2012-03-15	857
2012-03-16	912
2012-03-17	962
2012-03-18	810
2012-03-19	904
2012-03-20	936
2012-03-21	955
2012-03-22	935
2012-03-23	939
2012-03-24	860
2012-03-25	820
2012-03-26	917
2012-03-27	1022
2012-03-28	986
2012-03-29	886
2012-03-30	999
2012-03-31	942
2012-04-01	775
2012-04-02	947
2012-04-03	818
2012-04-04	869
2012-04-05	909
2012-04-06	840
2012-04-07	787
2012-04-08	781
2012-04-09	974
2012-04-10	1048
2012-04-11	1081
2012-04-12	1089
2012-04-13	968
2012-04-14	1017
2012-04-15	944
2012-04-16	1140
2012-04-17	1082
2012-04-18	1144
2012-04-19	1076
2012-04-20	1203
2012-04-21	976
2012-04-22	917
2012-04-23	968
2012-04-24	941
2012-04-25	1194
2012-04-26	1056
2012-04-27	1094
2012-04-28	1124
2012-04-29	993
2012-04-30	1153
2012-05-01	1131
2012-05-02	847
2012-05-03	921
2012-05-04	1200
2012-05-05	1003
2012-05-06	885
2012-05-07	1154
2012-05-08	1223
2012-05-09	911
2012-05-10	930
2012-05-11	1001
2012-05-12	916
2012-05-13	816
2012-05-14	1096
2012-05-15	1288
2012-05-16	992
2012-05-17	1150
2012-05-18	1506
2012-05-19	2064
2012-05-20	1132
2012-05-21	1098
2012-05-22	1385
2012-05-23	1441
2012-05-24	1262
2012-05-25	988
2012-05-26	975
2012-05-27	914
2012-05-28	787
2012-05-29	977
2012-05-30	1081
2012-05-31	1156
2012-06-01	1213
2012-06-02	759
2012-06-03	835
2012-06-04	1336
2012-06-05	1811
2012-06-06	1247
2012-06-07	1531
2012-06-08	966
2012-06-09	873
2012-06-10	926
2012-06-11	999
2012-06-12	1252
2012-06-13	1028
2012-06-14	954
2012-06-15	1162
2012-06-16	1075
2012-06-17	847
2012-06-18	942
2012-06-19	1068
2012-06-20	970
2012-06-21	1066
2012-06-22	1570
2012-06-23	841
2012-06-24	869
2012-06-25	918
2012-06-26	1169
2012-06-27	1003
2012-06-28	860
2012-06-29	910
2012-06-30	837
2012-07-01	911
2012-07-02	903
2012-07-03	1190
2012-07-04	832
2012-07-05	1072
2012-07-06	973
2012-07-07	1088
2012-07-08	1115
2012-07-09	1200
2012-07-10	1186
2012-07-11	1003
2012-07-12	965
2012-07-13	2507
2012-07-14	764
2012-07-15	907
2012-07-16	883
2012-07-17	1003
2012-07-18	1089
2012-07-19	970
2012-07-20	933
2012-07-21	849
2012-07-22	901
2012-07-23	1343
2012-07-24	702
2012-07-25	900
2012-07-26	944
2012-07-27	818
2012-07-28	1135
2012-07-29	1176
2012-07-30	1314
2012-07-31	1234
2012-08-01	1154
2012-08-02	1002
2012-08-03	1012
2012-08-04	977
2012-08-05	852
2012-08-06	853
2012-08-07	1024
2012-08-08	1070
2012-08-09	968
2012-08-10	1064
2012-08-11	745
2012-08-12	1259
2012-08-13	844
2012-08-14	911
2012-08-15	909
2012-08-16	856
2012-08-17	1060
2012-08-18	821
2012-08-19	868
2012-08-20	824
2012-08-21	832
2012-08-22	1081
2012-08-23	942
2012-08-24	796
2012-08-25	806
2012-08-26	844
2012-08-27	1014
2012-08-28	1164
2012-08-29	1072
2012-08-30	1057
2012-08-31	1019
2012-09-01	894
2012-09-02	841
2012-09-03	956
2012-09-04	815
2012-09-05	881
2012-09-06	931
2012-09-07	841
2012-09-08	985
2012-09-09	874
2012-09-10	902
2012-09-11	1023
2012-09-12	984
2012-09-13	944
2012-09-14	949
2012-09-15	866
2012-09-16	807
2012-09-17	1211
2012-09-18	908
2012-09-19	997
2012-09-20	1008
2012-09-21	1169
2012-09-22	743
2012-09-23	926
2012-09-24	725
2012-09-25	882
2012-09-26	879
2012-09-27	753
2012-09-28	776
2012-09-29	830
2012-09-30	767
2012-10-01	1028
2012-10-02	957
2012-10-03	848
2012-10-04	884
2012-10-05	841
2012-10-06	833
2012-10-07	707
2012-10-08	1001
2012-10-09	1050
2012-10-10	839
2012-10-11	866
2012-10-12	920
2012-10-13	841
2012-10-14	619
2012-10-15	1045
2012-10-16	979
2012-10-17	805
2012-10-18	996
2012-10-19	785
2012-10-20	838
2012-10-21	814
2012-10-22	751
2012-10-23	740
2012-10-24	933
2012-10-25	892
2012-10-26	883
2012-10-27	861
2012-10-28	849
2012-10-29	791
2012-10-30	916
2012-10-31	761
2012-11-01	870
2012-11-02	1016
2012-11-03	860
2012-11-04	957
2012-11-05	854
2012-11-06	854
2012-11-07	694
2012-11-08	701
2012-11-09	794
2012-11-10	736
2012-11-11	752
2012-11-12	891
2012-11-13	925
2012-11-14	803
2012-11-15	815
2012-11-16	863
2012-11-17	760
2012-11-18	744
2012-11-19	763
2012-11-20	772
2012-11-21	801
2012-11-22	688
2012-11-23	752
2012-11-24	1047
2012-11-25	777
2012-11-26	776
2012-11-27	933
2012-11-28	906
2012-11-29	850
2012-11-30	852
2012-12-01	801
2012-12-02	648
2012-12-03	864
2012-12-04	1114
2012-12-05	895
2012-12-06	912
2012-12-07	956
2012-12-08	705
2012-12-09	795
2012-12-10	799
2012-12-11	998
2012-12-12	1277
2012-12-13	994
2012-12-14	1150
2012-12-15	834
2012-12-16	800
2012-12-17	1178
2012-12-18	914
2012-12-19	868
2012-12-20	1026
2012-12-21	987
2012-12-22	895
2012-12-23	949
2012-12-24	747
2012-12-25	647
2012-12-26	760
2012-12-27	899
2012-12-28	813
2012-12-29	895
2012-12-30	924
2012-12-31	1030
2013-01-01	826
2013-01-02	925
2013-01-03	1171
2013-01-04	892
2013-01-05	958
2013-01-06	810
2013-01-07	919
2013-01-08	956
2013-01-09	862
2013-01-10	950
2013-01-11	779
2013-01-12	879
2013-01-13	815
2013-01-14	820
2013-01-15	1011
2013-01-16	790
2013-01-17	777
2013-01-18	914
2013-01-19	868
2013-01-20	848
2013-01-21	888
2013-01-22	796
2013-01-23	817
2013-01-24	760
2013-01-25	847
2013-01-26	832
2013-01-27	862
2013-01-28	876
2013-01-29	971
2013-01-30	985
2013-01-31	875
2013-02-01	807
2013-02-02	750
2013-02-03	803
2013-02-04	821
2013-02-05	1100
2013-02-06	885
2013-02-07	923
2013-02-08	940
2013-02-09	773
2013-02-10	811
2013-02-11	824
2013-02-12	814
2013-02-13	858
2013-02-14	935
2013-02-15	757
2013-02-16	749
2013-02-17	791
2013-02-18	742
2013-02-19	866
2013-02-20	1157
2013-02-21	853
2013-02-22	886
2013-02-23	788
2013-02-24	883
2013-02-25	809
2013-02-26	929
2013-02-27	888
2013-02-28	682
2013-03-01	754
2013-03-02	904
2013-03-03	718
2013-03-04	803
2013-03-05	973
2013-03-06	851
2013-03-07	767
2013-03-08	901
2013-03-09	684
2013-03-10	694
2013-03-11	1093
2013-03-12	847
2013-03-13	814
2013-03-14	847
2013-03-15	880
2013-03-16	804
2013-03-17	756
2013-03-18	834
2013-03-19	974
2013-03-20	887
2013-03-21	924
2013-03-22	831
2013-03-23	859
2013-03-24	959
2013-03-25	850
2013-03-26	1101
2013-03-27	997
2013-03-28	941
2013-03-29	977
2013-03-30	886
2013-03-31	858
2013-04-01	877
2013-04-02	960
2013-04-03	1039
2013-04-04	994
2013-04-05	1060
2013-04-06	952
2013-04-07	836
2013-04-08	969
2013-04-09	1039
2013-04-10	993
2013-04-11	1321
2013-04-12	919
2013-04-13	898
2013-04-14	890
2013-04-15	1026
2013-04-16	843
2013-04-17	1023
2013-04-18	799
2013-04-19	866
2013-04-20	977
2013-04-21	753
2013-04-22	979
2013-04-23	1066
2013-04-24	884
2013-04-25	1035
2013-04-26	972
2013-04-27	854
2013-04-28	839
2013-04-29	954
2013-04-30	783
2013-05-01	911
2013-05-02	853
2013-05-03	761
2013-05-04	816
2013-05-05	753
2013-05-06	986
2013-05-07	963
2013-05-08	810
2013-05-09	740
2013-05-10	688
2013-05-11	784
2013-05-12	757
2013-05-13	808
2013-05-14	960
2013-05-15	768
2013-05-16	759
2013-05-17	711
2013-05-18	750
2013-05-19	812
2013-05-20	843
2013-05-21	981
2013-05-22	842
2013-05-23	1073
2013-05-24	882
2013-05-25	724
2013-05-26	778
2013-05-27	889
2013-05-28	1102
2013-05-29	953
2013-05-30	1055
2013-05-31	977
2013-06-01	876
2013-06-02	852
2013-06-03	857
2013-06-04	812
2013-06-05	950
2013-06-06	922
2013-06-07	824
2013-06-08	773
2013-06-09	903
2013-06-10	989
2013-06-11	1229
2013-06-12	979
2013-06-13	974
2013-06-14	979
2013-06-15	850
2013-06-16	710
2013-06-17	1086
2013-06-18	1092
2013-06-19	1008
2013-06-20	943
2013-06-21	964
2013-06-22	812
2013-06-23	770
2013-06-24	869
2013-06-25	1096
2013-06-26	1000
2013-06-27	969
2013-06-28	947
2013-06-29	925
2013-06-30	819
2013-07-01	840
2013-07-02	1015
2013-07-03	1097
2013-07-04	867
2013-07-05	762
2013-07-06	735
2013-07-07	797
2013-07-08	1148
2013-07-09	1046
2013-07-10	1124
2013-07-11	1028
2013-07-12	834
2013-07-13	777
2013-07-14	720
2013-07-15	832
2013-07-16	1074
2013-07-17	819
2013-07-18	829
2013-07-19	796
2013-07-20	743
2013-07-21	792
2013-07-22	866
2013-07-23	1011
2013-07-24	782
2013-07-25	704
2013-07-26	746
2013-07-27	776
2013-07-28	719
2013-07-29	742
2013-07-30	759
2013-07-31	934
2013-08-01	686
2013-08-02	800
2013-08-03	730
2013-08-04	737
2013-08-05	987
2013-08-06	750
2013-08-07	1647
2013-08-08	1148
2013-08-09	962
2013-08-10	744
2013-08-11	712
2013-08-12	790
2013-08-13	850
2013-08-14	1048
2013-08-15	742
2013-08-16	875
2013-08-17	767
2013-08-18	805
2013-08-19	1026
2013-08-20	1040
2013-08-21	1212
2013-08-22	1099
2013-08-23	852
2013-08-24	751
2013-08-25	765
2013-08-26	783
2013-08-27	861
2013-08-28	686
2013-08-29	798
2013-08-30	878
2013-08-31	739
2013-09-01	793
2013-09-02	712
2013-09-03	777
2013-09-04	862
2013-09-05	807
2013-09-06	781
2013-09-07	677
2013-09-08	691
2013-09-09	1023
2013-09-10	1067
2013-09-11	910
2013-09-12	1036
2013-09-13	808
2013-09-14	746
2013-09-15	651
2013-09-16	971
2013-09-17	822
2013-09-18	639
2013-09-19	978
2013-09-20	776
2013-09-21	782
2013-09-22	713
2013-09-23	924
2013-09-24	971
2013-09-25	941
2013-09-26	887
2013-09-27	794
2013-09-28	718
2013-09-29	695
2013-09-30	889
2013-10-01	1052
2013-10-02	662
2013-10-03	828
2013-10-04	901
2013-10-05	774
2013-10-06	1040
2013-10-07	1060
2013-10-08	1127
2013-10-09	698
2013-10-10	1046
2013-10-11	850
2013-10-12	713
2013-10-13	746
2013-10-14	1133
2013-10-15	1175
2013-10-16	1150
2013-10-17	1059
2013-10-18	1058
2013-10-19	802
2013-10-20	700
2013-10-21	990
2013-10-22	1259
2013-10-23	1009
2013-10-24	993
2013-10-25	1031
2013-10-26	805
2013-10-27	768
2013-10-28	1323
2013-10-29	1280
2013-10-30	965
2013-10-31	699
2013-11-01	813
2013-11-02	774
2013-11-03	788
2013-11-04	945
2013-11-05	1161
2013-11-06	911
2013-11-07	975
2013-11-08	1091
2013-11-09	775
2013-11-10	932
2013-11-11	1126
2013-11-12	1126
2013-11-13	1092
2013-11-14	1021
2013-11-15	1204
2013-11-16	763
2013-11-17	742
2013-11-18	1062
2013-11-19	1409
2013-11-20	1087
2013-11-21	1191
2013-11-22	746
2013-11-23	811
2013-11-24	1255
2013-11-25	770
2013-11-26	1039
2013-11-27	849
2013-11-28	710
2013-11-29	802
2013-11-30	872
2013-12-01	743
2013-12-02	878
2013-12-03	1079
2013-12-04	1043
2013-12-05	956
2013-12-06	1086
2013-12-07	743
2013-12-08	892
2013-12-09	959
2013-12-10	1250
2013-12-11	901
2013-12-12	936
2013-12-13	907
2013-12-14	688
2013-12-15	855
2013-12-16	967
2013-12-17	1104
2013-12-18	858
2013-12-19	917
2013-12-20	1032
2013-12-21	850
2013-12-22	721
2013-12-23	845
2013-12-24	753
2013-12-25	546
2013-12-26	791
2013-12-27	827
2013-12-28	740
2013-12-29	827
2013-12-30	919
2013-12-31	765
2014-01-01	950
2014-01-02	843
2014-01-03	979
2014-01-04	837
2014-01-05	881
2014-01-06	947
2014-01-07	1680
2014-01-08	813
2014-01-09	1013
2014-01-10	998
2014-01-11	852
2014-01-12	784
2014-01-13	1030
2014-01-14	1173
2014-01-15	907
2014-01-16	919
2014-01-17	897
2014-01-18	681
2014-01-19	876
2014-01-20	955
2014-01-21	1323
2014-01-22	1183
2014-01-23	1054
2014-01-24	847
2014-01-25	796
2014-01-26	773
2014-01-27	1061
2014-01-28	1082
2014-01-29	958
2014-01-30	907
2014-01-31	1142
2014-02-01	891
2014-02-02	822
2014-02-03	1177
2014-02-04	1508
2014-02-05	1151
2014-02-06	1063
2014-02-07	1153
2014-02-08	967
2014-02-09	951
2014-02-10	882
2014-02-11	1265
2014-02-12	1432
2014-02-13	1166
2014-02-14	1222
2014-02-15	865
2014-02-16	1006
2014-02-17	787
2014-02-18	912
2014-02-19	976
2014-02-20	1024
2014-02-21	1047
2014-02-22	816
2014-02-23	868
2014-02-24	915
2014-02-25	755
2014-02-26	971
2014-02-27	882
2014-02-28	806
2014-03-01	945
2014-03-02	880
2014-03-03	731
2014-03-04	860
2014-03-05	858
2014-03-06	839
2014-03-07	762
2014-03-08	892
2014-03-09	776
2014-03-10	946
2014-03-11	790
2014-03-12	886
2014-03-13	717
2014-03-14	737
2014-03-15	957
2014-03-16	738
2014-03-17	873
2014-03-18	790
2014-03-19	1001
2014-03-20	728
2014-03-21	886
2014-03-22	847
2014-03-23	855
2014-03-24	800
2014-03-25	902
2014-03-26	959
2014-03-27	725
2014-03-28	773
2014-03-29	775
2014-03-30	974
2014-03-31	806
2014-04-01	750
2014-04-02	896
2014-04-03	669
2014-04-04	770
2014-04-05	845
2014-04-06	679
2014-04-07	732
2014-04-08	867
2014-04-09	907
2014-04-10	751
2014-04-11	826
2014-04-12	714
2014-04-13	707
2014-04-14	920
2014-04-15	1032
2014-04-16	911
2014-04-17	786
2014-04-18	950
2014-04-19	837
2014-04-20	839
2014-04-21	904
2014-04-22	882
2014-04-23	939
2014-04-24	751
2014-04-25	887
2014-04-26	897
2014-04-27	734
2014-04-28	773
2014-04-29	866
2014-04-30	994
2014-05-01	746
2014-05-02	767
2014-05-03	793
2014-05-04	805
2014-05-05	819
2014-05-06	1023
2014-05-07	941
2014-05-08	841
2014-05-09	961
2014-05-10	840
2014-05-11	758
2014-05-12	834
2014-05-13	1042
2014-05-14	910
2014-05-15	729
2014-05-16	745
2014-05-17	903
2014-05-18	720
2014-05-19	925
2014-05-20	1023
2014-05-21	886
2014-05-22	745
2014-05-23	839
2014-05-24	751
2014-05-25	747
2014-05-26	886
2014-05-27	891
2014-05-28	788
2014-05-29	888
2014-05-30	720
2014-05-31	763
2014-06-01	774
2014-06-02	930
2014-06-03	1114
2014-06-04	995
2014-06-05	906
2014-06-06	1017
2014-06-07	806
2014-06-08	1015
2014-06-09	1330
2014-06-10	1218
2014-06-11	1197
2014-06-12	1272
2014-06-13	1009
2014-06-14	876
2014-06-15	909
2014-06-16	1095
2014-06-17	1390
2014-06-18	1255
2014-06-19	1138
2014-06-20	922
2014-06-21	897
2014-06-22	838
2014-06-23	1211
2014-06-24	1207
2014-06-25	1195
2014-06-26	1149
2014-06-27	1005
2014-06-28	854
2014-06-29	944
2014-06-30	1400
2014-07-01	993
2014-07-02	1004
2014-07-03	1156
2014-07-04	1030
2014-07-05	902
2014-07-06	1032
2014-07-07	1124
2014-07-08	1623
2014-07-09	1706
2014-07-10	1982
2014-07-11	1108
2014-07-12	1056
2014-07-13	921
2014-07-14	1025
2014-07-15	1488
2014-07-16	1244
2014-07-17	1516
2014-07-18	1059
2014-07-19	1001
2014-07-20	985
2014-07-21	1129
2014-07-22	1409
2014-07-23	1764
2014-07-24	1293
2014-07-25	1414
2014-07-26	987
2014-07-27	1002
2014-07-28	1528
2014-07-29	1635
2014-07-30	1265
2014-07-31	1154
2014-08-01	1048
2014-08-02	996
2014-08-03	1119
2014-08-04	1228
2014-08-05	1189
2014-08-06	1061
2014-08-07	1005
2014-08-08	932
2014-08-09	942
2014-08-10	972
2014-08-11	1146
2014-08-12	1236
2014-08-13	1225
2014-08-14	1388
2014-08-15	974
2014-08-16	1016
2014-08-17	1160
2014-08-18	1359
2014-08-19	1212
2014-08-20	1130
2014-08-21	1120
2014-08-22	1189
2014-08-23	1060
2014-08-24	1128
2014-08-25	1288
2014-08-26	1146
2014-08-27	1184
2014-08-28	1204
2014-08-29	1141
2014-08-30	1266
2014-08-31	1082
2014-09-01	1123
2014-09-02	1118
2014-09-03	1184
2014-09-04	1098
2014-09-05	1078
2014-09-06	1073
2014-09-07	1128
2014-09-08	1194
2014-09-09	1284
2014-09-10	1023
2014-09-11	1184
2014-09-12	1004
2014-09-13	1092
2014-09-14	1080
2014-09-15	1216
2014-09-16	1054
2014-09-17	1249
2014-09-18	930
2014-09-19	979
2014-09-20	1138
2014-09-21	1032
2014-09-22	1264
2014-09-23	1102
2014-09-24	1101
2014-09-25	973
2014-09-26	1053
2014-09-27	1027
2014-09-28	1064
2014-09-29	1205
2014-09-30	1382
2014-10-01	1198
2014-10-02	1015
2014-10-03	976
2014-10-04	1034
2014-10-05	834
2014-10-06	1070
2014-10-07	1167
2014-10-08	1233
2014-10-09	1181
2014-10-10	1606
2014-10-11	1199
2014-10-12	1230
2014-10-13	1142
2014-10-14	1101
2014-10-15	1020
2014-10-16	1317
2014-10-17	1215
2014-10-18	1581
2014-10-19	1400
2014-10-20	1419
2014-10-21	1260
2014-10-22	1169
2014-10-23	1136
2014-10-24	1176
2014-10-25	1136
2014-10-26	1167
2014-10-27	1164
2014-10-28	1361
2014-10-29	1292
2014-10-30	1354
2014-10-31	1105
2014-11-01	1163
2014-11-02	1029
2014-11-03	1288
2014-11-04	1606
2014-11-05	1192
2014-11-06	1129
2014-11-07	1133
2014-11-08	1130
2014-11-09	1113
2014-11-10	1314
2014-11-11	1370
2014-11-12	1226
2014-11-13	1135
2014-11-14	1193
2014-11-15	1133
2014-11-16	1092
2014-11-17	1230
2014-11-18	1478
2014-11-19	1084
2014-11-20	1193
2014-11-21	1081
2014-11-22	1038
2014-11-23	1074
2014-11-24	1111
2014-11-25	1169
2014-11-26	1785
2014-11-27	1171
2014-11-28	1265
2014-11-29	1154
2014-11-30	1366
2014-12-01	1418
2014-12-02	1243
2014-12-03	1240
2014-12-04	1075
2014-12-05	1062
2014-12-06	1117
2014-12-07	1055
2014-12-08	1166
2014-12-09	1313
2014-12-10	1096
2014-12-11	1102
2014-12-12	1170
2014-12-13	1011
2014-12-14	982
2014-12-15	1152
2014-12-16	1132
2014-12-17	1085
2014-12-18	1115
2014-12-19	995
2014-12-20	978
2014-12-21	1176
2014-12-22	1226
2014-12-23	1070
2014-12-24	888
2014-12-25	813
2014-12-26	824
2014-12-27	986
2014-12-28	961
2014-12-29	1124
2014-12-30	1311
2014-12-31	1156
2015-01-01	1187
2015-01-02	1730
2015-01-03	1395
2015-01-04	1293
2015-01-05	1207
2015-01-06	1129
2015-01-07	1244
2015-01-08	1458
2015-01-09	1500
2015-01-10	1264
2015-01-11	1224
2015-01-12	1298
2015-01-13	1230
2015-01-14	1208
2015-01-15	1169
2015-01-16	1242
2015-01-17	1199
2015-01-18	1248
2015-01-19	1338
2015-01-20	1293
2015-01-21	1197
2015-01-22	1172
2015-01-23	1345
2015-01-24	1058
2015-01-25	1172
2015-01-26	1178
2015-01-27	1233
2015-01-28	1168
2015-01-29	1111
2015-01-30	1027
2015-01-31	1036
2015-02-01	1215
2015-02-02	1139
2015-02-03	1182
2015-02-04	1273
2015-02-05	1100
2015-02-06	1197
2015-02-07	1248
2015-02-08	1255
2015-02-09	1381
2015-02-10	1419
2015-02-11	1300
2015-02-12	1299
2015-02-13	1234
2015-02-14	1128
2015-02-15	1331
2015-02-16	1569
2015-02-17	1305
2015-02-18	1345
2015-02-19	1286
2015-02-20	1252
2015-02-21	1199
2015-02-22	1108
2015-02-23	1166
2015-02-24	1185
2015-02-25	1586
2015-02-26	1182
2015-02-27	1189
2015-02-28	1017
2015-03-01	1201
2015-03-02	1409
2015-03-03	1128
2015-03-04	1152
2015-03-05	1482
2015-03-06	1230
2015-03-07	1277
2015-03-08	1410
2015-03-09	1214
2015-03-10	1083
2015-03-11	1202
2015-03-12	1106
2015-03-13	1116
2015-03-14	1121
2015-03-15	1156
2015-03-16	1243
2015-03-17	1190
2015-03-18	1322
2015-03-19	1388
2015-03-20	1144
2015-03-21	1039
2015-03-22	1322
2015-03-23	1064
2015-03-24	1054
2015-03-25	1052
2015-03-26	1204
2015-03-27	1232
2015-03-28	1211
2015-03-29	1056
2015-03-30	1346
2015-03-31	1185
2015-04-01	1188
2015-04-02	1020
2015-04-03	1216
2015-04-04	1016
2015-04-05	1107
2015-04-06	1157
2015-04-07	1191
2015-04-08	1165
2015-04-09	1099
2015-04-10	1104
2015-04-11	1083
2015-04-12	1143
2015-04-13	1166
2015-04-14	1424
2015-04-15	1152
2015-04-16	1180
2015-04-17	1142
2015-04-18	941
2015-04-19	1150
2015-04-20	1211
2015-04-21	1449
2015-04-22	1139
2015-04-23	1256
2015-04-24	1143
2015-04-25	1154
2015-04-26	1332
2015-04-27	1324
2015-04-28	1209
2015-04-29	1202
2015-04-30	1111
2015-05-01	1072
2015-05-02	1161
2015-05-03	1045
2015-05-04	1168
2015-05-05	1250
2015-05-06	1115
2015-05-07	1077
2015-05-08	1210
2015-05-09	1091
2015-05-10	1104
2015-05-11	1263
2015-05-12	1184
2015-05-13	1136
2015-05-14	1154
2015-05-15	957
2015-05-16	1021
2015-05-17	1145
2015-05-18	1058
2015-05-19	1260
2015-05-20	1095
2015-05-21	1014
2015-05-22	980
2015-05-23	1068
2015-05-24	880
2015-05-25	1050
2015-05-26	1099
2015-05-27	1098
2015-05-28	1220
2015-05-29	1311
2015-05-30	1053
2015-05-31	1045
2015-06-01	1257
2015-06-02	1175
2015-06-03	1206
2015-06-04	1032
2015-06-05	1072
2015-06-06	1071
2015-06-07	997
2015-06-08	1402
2015-06-09	1107
2015-06-10	1093
2015-06-11	1088
2015-06-12	1143
2015-06-13	1007
2015-06-14	1218
2015-06-15	1327
2015-06-16	1262
2015-06-17	1258
2015-06-18	1201
2015-06-19	1188
2015-06-20	1123
2015-06-21	1184
2015-06-22	1294
2015-06-23	1206
2015-06-24	1219
2015-06-25	1181
2015-06-26	1437
2015-06-27	1086
2015-06-28	1178
2015-06-29	1312
2015-06-30	1200
2015-07-01	1118
2015-07-02	1303
2015-07-03	1288
2015-07-04	1052
2015-07-05	1078
2015-07-06	1484
2015-07-07	1131
2015-07-08	1160
2015-07-09	1132
2015-07-10	1125
2015-07-11	1040
2015-07-12	1254
2015-07-13	1171
2015-07-14	1173
2015-07-15	1100
2015-07-16	1125
2015-07-17	1049
2015-07-18	1036
2015-07-19	1235
2015-07-20	1166
2015-07-21	1528
2015-07-22	1684
2015-07-23	1342
2015-07-24	1321
2015-07-25	1423
2015-07-26	1288
2015-07-27	1213
2015-07-28	1317
2015-07-29	1178
2015-07-30	1228
2015-07-31	1229
2015-08-01	1029
2015-08-02	1032
2015-08-03	1144
2015-08-04	1267
2015-08-05	1192
2015-08-06	1141
2015-08-07	1153
2015-08-08	1128
2015-08-09	921
2015-08-10	1272
2015-08-11	1317
2015-08-12	1171
2015-08-13	1253
2015-08-14	1248
2015-08-15	1115
2015-08-16	1084
2015-08-17	1179
2015-08-18	1550
2015-08-19	1296
2015-08-20	1171
2015-08-21	1264
2015-08-22	1095
2015-08-23	1105
2015-08-24	1390
2015-08-25	1235
2015-08-26	1170
2015-08-27	1083
2015-08-28	1033
2015-08-29	1259
2015-08-30	1118
2015-08-31	1240
2015-09-01	1127
2015-09-02	1159
2015-09-03	1642
2015-09-04	1054
2015-09-05	1021
2015-09-06	1122
2015-09-07	1145
2015-09-08	1093
2015-09-09	1208
2015-09-10	1073
2015-09-11	1008
2015-09-12	1137
2015-09-13	1138
2015-09-14	1155
2015-09-15	1100
2015-09-16	1009
2015-09-17	988
2015-09-18	1018
2015-09-19	978
2015-09-20	1132
2015-09-21	1417
2015-09-22	1064
2015-09-23	912
2015-09-24	979
2015-09-25	958
2015-09-26	901
2015-09-27	930
2015-09-28	1210
2015-09-29	928
2015-09-30	1071
2015-10-01	1044
2015-10-02	1017
2015-10-03	1113
2015-10-04	1111
2015-10-05	1288
2015-10-06	1131
2015-10-07	1066
2015-10-08	1150
2015-10-09	1036
2015-10-10	1198
2015-10-11	1366
2015-10-12	1292
2015-10-13	1143
2015-10-14	1191
2015-10-15	1143
2015-10-16	1076
2015-10-17	1348
2015-10-18	1383
2015-10-19	1373
2015-10-20	1453
2015-10-21	1119
2015-10-22	974
2015-10-23	1039
2015-10-24	1024
2015-10-25	1018
2015-10-26	1025
2015-10-27	1071
2015-10-28	1143
2015-10-29	1017
2015-10-30	1130
2015-10-31	999
2015-11-01	1741
2015-11-02	1089
2015-11-03	1205
2015-11-04	1212
2015-11-05	1081
2015-11-06	1077
2015-11-07	1193
2015-11-08	1194
2015-11-09	1068
2015-11-10	1052
2015-11-11	1047
2015-11-12	1045
2015-11-13	1123
2015-11-14	1025
2015-11-15	1102
2015-11-16	1033
2015-11-17	1120
2015-11-18	971
2015-11-19	1102
2015-11-20	1226
2015-11-21	1110
2015-11-22	1209
2015-11-23	1066
2015-11-24	1087
2015-11-25	1357
2015-11-26	922
2015-11-27	1046
2015-11-28	1210
2015-11-29	1153
2015-11-30	1248
2015-12-01	1085
2015-12-02	1088
2015-12-03	1223
2015-12-04	1117
2015-12-05	1123
2015-12-06	993
2015-12-07	1125
2015-12-08	1171
2015-12-09	1065
2015-12-10	1054
2015-12-11	1043
2015-12-12	1107
2015-12-13	1105
2015-12-14	1290
2015-12-15	1174
2015-12-16	1422
2015-12-17	1058
2015-12-18	1074
2015-12-19	1069
2015-12-20	907
2015-12-21	1125
2015-12-22	1010
2015-12-23	1140
2015-12-24	872
2015-12-25	769
2015-12-26	926
2015-12-27	957
2015-12-28	1120
2015-12-29	1312
2015-12-30	1562
2015-12-31	898
2016-01-01	963
2016-01-02	1192
2016-01-03	1499
2016-01-04	1333
2016-01-05	1156
2016-01-06	1497
2016-01-07	1774
2016-01-08	1343
2016-01-09	1115
2016-01-10	1416
2016-01-11	1574
2016-01-12	1343
2016-01-13	1153
2016-01-14	1210
2016-01-15	1136
2016-01-16	1275
2016-01-17	1226
2016-01-18	1365
2016-01-19	1288
2016-01-20	1169
2016-01-21	1162
2016-01-22	1071
2016-01-23	1380
2016-01-24	1259
2016-01-25	1298
2016-01-26	1201
2016-01-27	1141
2016-01-28	1416
2016-01-29	1160
2016-01-30	1185
2016-01-31	1045
2016-02-01	1377
2016-02-02	1131
2016-02-03	1179
2016-02-04	1078
2016-02-05	1318
2016-02-06	1145
2016-02-07	1179
2016-02-08	1376
2016-02-09	1371
2016-02-10	1171
2016-02-11	1166
2016-02-12	1086
2016-02-13	1146
2016-02-14	1291
2016-02-15	1465
2016-02-16	1254
2016-02-17	1450
2016-02-18	1258
2016-02-19	1232
2016-02-20	1049
2016-02-21	1255
2016-02-22	1374
2016-02-23	1142
2016-02-24	1367
2016-02-25	1154
2016-02-26	1345
2016-02-27	1614
2016-02-28	1122
2016-02-29	1284
2016-03-01	1279
2016-03-02	1065
2016-03-03	1146
2016-03-04	1102
2016-03-05	1215
2016-03-06	1245
2016-03-07	1291
2016-03-08	1342
2016-03-09	1229
2016-03-10	1328
2016-03-11	1199
2016-03-12	1035
2016-03-13	1084
2016-03-14	1195
2016-03-15	1279
2016-03-16	1333
2016-03-17	1404
2016-03-18	1182
2016-03-19	1332
2016-03-20	1163
2016-03-21	1296
2016-03-22	1137
2016-03-23	1240
2016-03-24	1136
2016-03-25	1145
2016-03-26	1032
2016-03-27	1135
2016-03-28	1144
2016-03-29	1170
2016-03-30	1220
2016-03-31	1223
2016-04-01	1085
2016-04-02	1084
2016-04-03	1101
2016-04-04	1242
2016-04-05	1492
2016-04-06	1139
2016-04-07	1162
2016-04-08	1149
2016-04-09	1234
2016-04-10	1124
2016-04-11	1247
2016-04-12	1219
2016-04-13	1235
2016-04-14	1202
2016-04-15	1292
2016-04-16	1291
2016-04-17	1160
2016-04-18	1259
2016-04-19	1232
2016-04-20	1173
2016-04-21	1055
2016-04-22	1175
2016-04-23	1065
2016-04-24	1162
2016-04-25	1147
2016-04-26	1350
2016-04-27	1171
2016-04-28	1236
2016-04-29	1287
2016-04-30	1164
2016-05-01	1418
2016-05-02	1405
2016-05-03	1527
2016-05-04	1407
2016-05-05	1234
2016-05-06	1341
2016-05-07	1500
2016-05-08	1432
2016-05-09	1321
2016-05-10	1445
2016-05-11	1418
2016-05-12	1361
2016-05-13	1241
2016-05-14	1274
2016-05-15	1335
2016-05-16	1245
2016-05-17	1210
2016-05-18	1235
2016-05-19	1256
2016-05-20	1158
2016-05-21	1245
2016-05-22	1281
2016-05-23	1176
2016-05-24	2165
2016-05-25	1160
2016-05-26	1152
2016-05-27	1029
2016-05-28	1059
2016-05-29	1096
2016-05-30	1201
2016-05-31	1306
2016-06-01	1157
2016-06-02	1139
2016-06-03	1153
2016-06-04	924
2016-06-05	1020
2016-06-06	965
2016-06-07	1148
2016-06-08	1140
2016-06-09	982
2016-06-10	964
2016-06-11	974
2016-06-12	980
2016-06-13	1180
2016-06-14	1458
2016-06-15	1097
2016-06-16	1143
2016-06-17	1065
2016-06-18	1013
2016-06-19	1019
2016-06-20	1165
2016-06-21	1187
2016-06-22	1230
2016-06-23	1177
2016-06-24	1014
2016-06-25	1054
2016-06-26	1127
2016-06-27	975
2016-06-28	1088
2016-06-29	1292
2016-06-30	1026
2016-07-01	964
2016-07-02	1016
2016-07-03	939
2016-07-04	1046
2016-07-05	1019
2016-07-06	1145
2016-07-07	1055
2016-07-08	1097
2016-07-09	1021
2016-07-10	1046
2016-07-11	1220
2016-07-12	1140
2016-07-13	1078
2016-07-14	1008
2016-07-15	1028
2016-07-16	1029
2016-07-17	1201
2016-07-18	1199
2016-07-19	1143
2016-07-20	1070
2016-07-21	1112
2016-07-22	1093
2016-07-23	918
2016-07-24	899
2016-07-25	1077
2016-07-26	1362
2016-07-27	1132
2016-07-28	1130
2016-07-29	968
2016-07-30	1038
2016-07-31	1104
2016-08-01	1198
2016-08-02	1247
2016-08-03	1099
2016-08-04	1110
2016-08-05	1113
2016-08-06	1127
2016-08-07	1121
2016-08-08	1171
2016-08-09	1135
2016-08-10	1157
2016-08-11	1139
2016-08-12	1118
2016-08-13	1045
2016-08-14	1006
2016-08-15	1088
2016-08-16	986
2016-08-17	1134
2016-08-18	1142
2016-08-19	1117
2016-08-20	1054
2016-08-21	1066
2016-08-22	1033
2016-08-23	1090
2016-08-24	1225
2016-08-25	1064
2016-08-26	1035
2016-08-27	1032
2016-08-28	1188
2016-08-29	1111
2016-08-30	1285
2016-08-31	1185
2016-09-01	1280
2016-09-02	1137
2016-09-03	1255
2016-09-04	1334
2016-09-05	1273
2016-09-06	1487
2016-09-07	1623
2016-09-08	1624
2016-09-09	1222
2016-09-10	1207
2016-09-11	1499
2016-09-12	1224
2016-09-13	1554
2016-09-14	1293
2016-09-15	1087
2016-09-16	1096
2016-09-17	1248
2016-09-18	1173
2016-09-19	1219
2016-09-20	1114
2016-09-21	1289
2016-09-22	1193
2016-09-23	1290
2016-09-24	1133
2016-09-25	1378
2016-09-26	1396
2016-09-27	1265
2016-09-28	1400
2016-09-29	1192
2016-09-30	1280
2016-10-01	1212
2016-10-02	1300
2016-10-03	1264
2016-10-04	1306
2016-10-05	1345
2016-10-06	1330
2016-10-07	1052
2016-10-08	1159
2016-10-09	1054
2016-10-10	1068
2016-10-11	1170
2016-10-12	1128
2016-10-13	1094
2016-10-14	1104
2016-10-15	860
2016-10-16	965
2016-10-17	988
2016-10-18	1154
2016-10-19	1106
2016-10-20	1093
2016-10-21	1058
2016-10-22	956
2016-10-23	1286
2016-10-24	1172
2016-10-25	1239
2016-10-26	1121
2016-10-27	1186
2016-10-28	1010
2016-10-29	923
2016-10-30	1244
2016-10-31	1056
2016-11-01	1070
2016-11-02	1295
2016-11-03	1376
2016-11-04	1228
2016-11-05	1070
2016-11-06	1114
2016-11-07	1143
2016-11-08	1111
2016-11-09	1034
2016-11-10	1105
2016-11-11	1114
2016-11-12	1113
2016-11-13	1173
2016-11-14	1127
2016-11-15	1409
2016-11-16	1148
2016-11-17	1121
2016-11-18	1113
2016-11-19	990
2016-11-20	1073
2016-11-21	1171
2016-11-22	1262
2016-11-23	1125
2016-11-24	1173
2016-11-25	1036
2016-11-26	1170
2016-11-27	998
2016-11-28	1163
2016-11-29	1202
2016-11-30	1225
2016-12-01	1148
2016-12-02	1038
2016-12-03	1096
2016-12-04	1267
2016-12-05	1188
2016-12-06	1656
2016-12-07	1419
2016-12-08	1472
2016-12-09	1093
2016-12-10	1051
2016-12-11	1173
2016-12-12	1330
2016-12-13	1113
2016-12-14	1156
2016-12-15	1096
2016-12-16	1123
2016-12-17	1090
2016-12-18	992
2016-12-19	1128
2016-12-20	1140
2016-12-21	1113
2016-12-22	1168
2016-12-23	1039
2016-12-24	882
2016-12-25	952
2016-12-26	1386
2016-12-27	1145
2016-12-28	1382
2016-12-29	1385
2016-12-30	1438
2016-12-31	1001
2017-01-01	964
2017-01-02	1196
2017-01-03	1074
2017-01-04	1207
2017-01-05	1072
2017-01-06	1023
2017-01-07	1059
2017-01-08	1298
2017-01-09	1214
2017-01-10	988
2017-01-11	1085
2017-01-12	1054
2017-01-13	1235
2017-01-14	1001
2017-01-15	1058
2017-01-16	1265
2017-01-17	995
2017-01-18	1079
2017-01-19	1002
2017-01-20	1037
2017-01-21	1080
2017-01-22	1026
2017-01-23	1042
2017-01-24	1182
2017-01-25	1352
2017-01-26	1068
2017-01-27	1179
2017-01-28	1600
2017-01-29	1320
2017-01-30	1570
2017-01-31	1102
2017-02-01	1090
2017-02-02	1071
2017-02-03	1038
2017-02-04	998
2017-02-05	1088
2017-02-06	1006
2017-02-07	1039
2017-02-08	1051
2017-02-09	1146
2017-02-10	1104
2017-02-11	967
2017-02-12	1082
2017-02-13	1127
2017-02-14	1065
2017-02-15	1103
2017-02-16	1103
2017-02-17	1042
2017-02-18	1074
2017-02-19	1091
2017-02-20	1230
2017-02-21	1197
2017-02-22	1124
2017-02-23	1440
2017-02-24	1110
2017-02-25	1175
2017-02-26	1318
2017-02-27	1235
2017-02-28	1174
2017-03-01	1096
2017-03-02	1159
2017-03-03	1096
2017-03-04	1263
2017-03-05	1188
2017-03-06	1339
2017-03-07	1269
2017-03-08	1186
2017-03-09	1220
2017-03-10	1201
2017-03-11	1108
2017-03-12	1400
2017-03-13	1299
2017-03-14	1659
2017-03-15	1327
2017-03-16	1317
2017-03-17	1065
2017-03-18	1195
2017-03-19	1244
2017-03-20	1466
2017-03-21	1388
2017-03-22	1386
2017-03-23	1197
2017-03-24	1060
2017-03-25	1014
2017-03-26	1178
2017-03-27	1388
2017-03-28	1163
2017-03-29	1551
2017-03-30	1443
2017-03-31	1001
2017-04-01	876
2017-04-02	918
2017-04-03	1058
2017-04-04	1111
2017-04-05	1016
2017-04-06	1250
2017-04-07	1079
2017-04-08	1248
2017-04-09	1015
2017-04-10	1264
2017-04-11	1240
2017-04-12	1178
2017-04-13	1051
2017-04-14	1197
2017-04-15	925
2017-04-16	888
2017-04-17	1212
2017-04-18	1288
2017-04-19	1111
2017-04-20	1206
2017-04-21	1177
2017-04-22	1090
2017-04-23	983
2017-04-24	1140
2017-04-25	1112
2017-04-26	1137
2017-04-27	1141
2017-04-28	939
2017-04-29	1067
2017-04-30	1098
2017-05-01	1126
2017-05-02	1029
2017-05-03	1090
2017-05-04	1084
2017-05-05	1098
2017-05-06	837
2017-05-07	1162
2017-05-08	1056
2017-05-09	1131
2017-05-10	1151
2017-05-11	968
2017-05-12	1010
2017-05-13	1013
2017-05-14	1000
2017-05-15	1179
2017-05-16	1086
2017-05-17	962
2017-05-18	1003
2017-05-19	1012
2017-05-20	860
2017-05-21	1024
2017-05-22	1068
2017-05-23	1103
2017-05-24	1033
2017-05-25	1014
2017-05-26	826
2017-05-27	838
2017-05-28	904
2017-05-29	959
2017-05-30	970
2017-05-31	1086
2017-06-01	997
2017-06-02	1025
2017-06-03	912
2017-06-04	1116
2017-06-05	1038
2017-06-06	1027
2017-06-07	1039
2017-06-08	958
2017-06-09	983
2017-06-10	886
2017-06-11	930
2017-06-12	999
2017-06-13	1054
2017-06-14	984
2017-06-15	1048
2017-06-16	929
2017-06-17	894
2017-06-18	873
2017-06-19	1037
2017-06-20	1013
2017-06-21	935
2017-06-22	1043
2017-06-23	1068
2017-06-24	860
2017-06-25	938
2017-06-26	1075
2017-06-27	991
2017-06-28	1172
2017-06-29	1026
2017-06-30	997
2017-07-01	923
2017-07-02	943
2017-07-03	1010
2017-07-04	1031
2017-07-05	1008
2017-07-06	1002
2017-07-07	1057
2017-07-08	916
2017-07-09	834
2017-07-10	1125
2017-07-11	1038
2017-07-12	1049
2017-07-13	946
2017-07-14	1214
2017-07-15	975
2017-07-16	940
2017-07-17	980
2017-07-18	1158
2017-07-19	1022
2017-07-20	1033
2017-07-21	950
2017-07-22	949
2017-07-23	955
2017-07-24	988
2017-07-25	1018
2017-07-26	963
2017-07-27	1002
2017-07-28	1025
2017-07-29	989
2017-07-30	1061
2017-07-31	1143
2017-08-01	222
2017-08-02	212
2017-08-03	209
